code_barres,type_code_barres,principal,id_produit_id
6199447549400,EAN13,True,31334
6195119866486,EAN13,True,31335
6197235346914,EAN13,True,31336
6197573430492,EAN13,True,31337
6195899765258,EAN13,True,31338
6194296644245,EAN13,True,31339
6193436232856,EAN13,True,31340
6191180104982,EAN13,True,31341
6191096944074,EAN13,True,31342
6193661186845,EAN13,True,31343
6199259717462,EAN13,True,31344
6195271182893,EAN13,True,31347
6190282754488,EAN13,True,31348
6192145486802,EAN13,True,31349
6198945683511,EAN13,True,31350
6195763678105,EAN13,True,31351
6195258507127,EAN13,True,31352
6199370285293,EAN13,True,44790
6199429783505,EAN13,True,44791
6192875267531,EAN13,True,44792
6193688265334,EAN13,True,44633
6194183829593,EAN13,True,45515
6193152447590,EAN13,True,45516
6195618036746,EAN13,True,31353
6194751789232,EAN13,True,31354
6195796329191,EAN13,True,31355
6194150009003,EAN13,True,31356
6194357330641,EAN13,True,31357
6191106314048,EAN13,True,31358
6195161102703,EAN13,True,31359
6198297243173,EAN13,True,41906
6197912975567,EAN13,True,41907
6191934842090,EAN13,True,45380
6198576732266,EAN13,True,35636
6190903242543,EAN13,True,35637
6197085835561,EAN13,True,35638
6191906946418,EAN13,True,35639
6194895827700,EAN13,True,42234
6191648853348,EAN13,True,42235
6194376877286,EAN13,True,31360
6194394625933,EAN13,True,31361
6190897921174,EAN13,True,31367
6194661125977,EAN13,True,31362
6197495492956,EAN13,True,31363
6199545678316,EAN13,True,31364
6197149458556,EAN13,True,31365
6199722771335,EAN13,True,31366
6196938043805,EAN13,True,41912
6197546743868,EAN13,True,44513
6199301308394,EAN13,True,31368
6196151858033,EAN13,True,31369
6192441891441,EAN13,True,42214
6198026163509,EAN13,True,42215
6192868581211,EAN13,True,42216
6197459312166,EAN13,True,42217
6193445506416,EAN13,True,42218
6195405531210,EAN13,True,39005
6191855246063,EAN13,True,43683
6191142331618,EAN13,True,31370
6196421436543,EAN13,True,31371
6197247157164,EAN13,True,31372
6197482155091,EAN13,True,39085
6192859895857,EAN13,True,31374
6193887326988,EAN13,True,31375
6194297353988,EAN13,True,31376
6190474529003,EAN13,True,31377
6199659710102,EAN13,True,31378
6195220917297,EAN13,True,31379
6192586301566,EAN13,True,31380
6191502466350,EAN13,True,31381
6191713539142,EAN13,True,43779
6197347131321,EAN13,True,31383
6197302750125,EAN13,True,31384
6198140159183,EAN13,True,31385
6191255064537,EAN13,True,38148
6192358691523,EAN13,True,31386
6193088168358,EAN13,True,31387
6193749563766,EAN13,True,38147
6193735873392,EAN13,True,31388
6197129389814,EAN13,True,31389
6199890652629,EAN13,True,31390
6195387679342,EAN13,True,31391
6198345739234,EAN13,True,38146
6193015367122,EAN13,True,31392
6191321574337,EAN13,True,31393
6190604752082,EAN13,True,38106
6199304595283,EAN13,True,31394
6194115925506,EAN13,True,31395
6191222922437,EAN13,True,31396
6190746568532,EAN13,True,31397
6191449881292,EAN13,True,31398
6191734039513,EAN13,True,31399
6194929702324,EAN13,True,31400
6199126725208,EAN13,True,31401
6197023741413,EAN13,True,31402
6193735118116,EAN13,True,38105
6192739536746,EAN13,True,36493
6197523260126,EAN13,True,31403
6196476091605,EAN13,True,31404
6199468178474,EAN13,True,31405
6197043703086,EAN13,True,31406
6191462995822,EAN13,True,31407
6194870465899,EAN13,True,31408
6193919682837,EAN13,True,31409
6192465059281,EAN13,True,31410
6190085091094,EAN13,True,31411
6190303598015,EAN13,True,31412
6190009363313,EAN13,True,31413
6195172738373,EAN13,True,31414
6194374439772,EAN13,True,31415
6195590752968,EAN13,True,31416
6195206717451,EAN13,True,31417
6193712561276,EAN13,True,31418
6194333304862,EAN13,True,42205
6199622780345,EAN13,True,42206
6199945760323,EAN13,True,44310
6199070876386,EAN13,True,31419
6199653433955,EAN13,True,33746
6196487334171,EAN13,True,33778
6195435025895,EAN13,True,34654
6195587720367,EAN13,True,34655
6193990359956,EAN13,True,33714
6194102822023,EAN13,True,31420
6198488348805,EAN13,True,34793
6193731715513,EAN13,True,31421
6195838029119,EAN13,True,34842
6193064769391,EAN13,True,31422
6198866315849,EAN13,True,31423
6192502817702,EAN13,True,34945
6193982083021,EAN13,True,34946
6190266019482,EAN13,True,31424
6195037483147,EAN13,True,31425
6190928015614,EAN13,True,31426
6197315758747,EAN13,True,34948
6194758781901,EAN13,True,34949
6197161869958,EAN13,True,31429
6193785186653,EAN13,True,34950
6191265232827,EAN13,True,31430
6193636136194,EAN13,True,31427
6199176972704,EAN13,True,31428
6197472916040,EAN13,True,34947
6192781088318,EAN13,True,31431
6194560710276,EAN13,True,31432
6197653123360,EAN13,True,31433
6193175477226,EAN13,True,45732
6190907559885,EAN13,True,43991
6196797941917,EAN13,True,31434
6193625953142,EAN13,True,31435
6194794845890,EAN13,True,31436
6196692871430,EAN13,True,41380
6198270100774,EAN13,True,38141
6197803150655,EAN13,True,38142
6195310583131,EAN13,True,31437
6192491443957,EAN13,True,41372
6199892995564,EAN13,True,41383
6192991285136,EAN13,True,31438
6190311666825,EAN13,True,41381
6195536794379,EAN13,True,38140
6197853348778,EAN13,True,38134
6192351006601,EAN13,True,31439
6193561628238,EAN13,True,31440
6194018351237,EAN13,True,31441
6191885390732,EAN13,True,31442
6194748445064,EAN13,True,31443
6197026600311,EAN13,True,36222
6193877187317,EAN13,True,31444
6194433377971,EAN13,True,33028
6197763274350,EAN13,True,33029
6195640692622,EAN13,True,33030
6193355398846,EAN13,True,31445
6193095861888,EAN13,True,33031
6194222119650,EAN13,True,33032
6190622536691,EAN13,True,33033
6195550618756,EAN13,True,33034
6192308526394,EAN13,True,33035
6198346049660,EAN13,True,34884
6198592310301,EAN13,True,33036
6196729307840,EAN13,True,33037
6194110885337,EAN13,True,33038
6193980495347,EAN13,True,33039
6190330205102,EAN13,True,33040
6195838254122,EAN13,True,33041
6193919684978,EAN13,True,33042
6197532934214,EAN13,True,33043
6197960253129,EAN13,True,34867
6198664784476,EAN13,True,33044
6190868642374,EAN13,True,33045
6194823720534,EAN13,True,31446
6192992067917,EAN13,True,33046
6199049047625,EAN13,True,33047
6197932197565,EAN13,True,34175
6194208648837,EAN13,True,33048
6191579886158,EAN13,True,33049
6192783479091,EAN13,True,33050
6197744813963,EAN13,True,33051
6199565542587,EAN13,True,33052
6198862055383,EAN13,True,31447
6199377651574,EAN13,True,31448
6198268109833,EAN13,True,33053
6198369771421,EAN13,True,33054
6191923753985,EAN13,True,31449
6198352518949,EAN13,True,31450
6193479598768,EAN13,True,42236
6192387424602,EAN13,True,36225
6198702962587,EAN13,True,44500
6193044076664,EAN13,True,38100
6194082837473,EAN13,True,45662
6195465561631,EAN13,True,31451
6199931381101,EAN13,True,31452
6190734570543,EAN13,True,33559
6196373116243,EAN13,True,31453
6199148031970,EAN13,True,31454
6198623476866,EAN13,True,31455
6194505914785,EAN13,True,31456
6193211827064,EAN13,True,31457
6193787364574,EAN13,True,39479
6199955744041,EAN13,True,39478
6197784196710,EAN13,True,42481
6196967709628,EAN13,True,39967
6199903397181,EAN13,True,36219
6199254210566,EAN13,True,40925
6194850460504,EAN13,True,41177
6191848659649,EAN13,True,41178
6190222212164,EAN13,True,40900
6190299595917,EAN13,True,41315
6192977481178,EAN13,True,41309
6195240661527,EAN13,True,31484
6198429117101,EAN13,True,31485
6197545528129,EAN13,True,31486
6191263233503,EAN13,True,31487
6192976805478,EAN13,True,31488
6191888181621,EAN13,True,31489
6195530260913,EAN13,True,34869
6198485883042,EAN13,True,31490
6193122005519,EAN13,True,31492
6198497702290,EAN13,True,31491
6197825631921,EAN13,True,31493
6198720705409,EAN13,True,31494
6194655264196,EAN13,True,31495
6192345748441,EAN13,True,31496
6192107948887,EAN13,True,31497
6193458804868,EAN13,True,31498
6194847722431,EAN13,True,31501
6190228053651,EAN13,True,31502
6199305907865,EAN13,True,31503
6198616170113,EAN13,True,31504
6199119007052,EAN13,True,31505
6190621931543,EAN13,True,31506
6194025481952,EAN13,True,34870
6192205137624,EAN13,True,34873
6198665191293,EAN13,True,31507
6195340070740,EAN13,True,31499
6192540766631,EAN13,True,31508
6192042482996,EAN13,True,34875
6193836172631,EAN13,True,31500
6190090296709,EAN13,True,34871
6194894518814,EAN13,True,34872
6193589214376,EAN13,True,31509
6193458585121,EAN13,True,31510
6192282681968,EAN13,True,31511
6193959917410,EAN13,True,31512
6191000424081,EAN13,True,31513
6196030348066,EAN13,True,31514
6191475567221,EAN13,True,34876
6193895321094,EAN13,True,31515
6196705471459,EAN13,True,31516
6191646002870,EAN13,True,31458
6192466126739,EAN13,True,31459
6198621118302,EAN13,True,31460
6194752857655,EAN13,True,37135
6195262257201,EAN13,True,45665
6197858061759,EAN13,True,31461
6195589684379,EAN13,True,31462
6196071993364,EAN13,True,31463
6194428959984,EAN13,True,31464
6192987981224,EAN13,True,36682
6197139177759,EAN13,True,31466
6194686056591,EAN13,True,31467
6197727598951,EAN13,True,35864
6194271149862,EAN13,True,41384
6199428797699,EAN13,True,41382
6192474144961,EAN13,True,31465
6196862433981,EAN13,True,38949
6198378458407,EAN13,True,31468
6191735682251,EAN13,True,31469
6197616068925,EAN13,True,31470
6194775250000,EAN13,True,31471
6195967638899,EAN13,True,31472
6196447096442,EAN13,True,36220
6193690860488,EAN13,True,36221
6196212009972,EAN13,True,38099
6190303261421,EAN13,True,31473
6190548926657,EAN13,True,31474
6194876181713,EAN13,True,31475
6193429464518,EAN13,True,31476
6195616580410,EAN13,True,31477
6193859707287,EAN13,True,31478
6192111447570,EAN13,True,31479
6199013372328,EAN13,True,31480
6197251947643,EAN13,True,31481
6197510530362,EAN13,True,31482
6192989534066,EAN13,True,31483
6195827795623,EAN13,True,31517
6195943486306,EAN13,True,31518
6192220141684,EAN13,True,31519
6194101816353,EAN13,True,31520
6194962547511,EAN13,True,31521
6195231846515,EAN13,True,31522
6197459624098,EAN13,True,31523
6197185029741,EAN13,True,31524
6192670723384,EAN13,True,31525
6191325924707,EAN13,True,31526
6199310525948,EAN13,True,31527
6192311363740,EAN13,True,31528
6191713423993,EAN13,True,31529
6193393119481,EAN13,True,31530
6193864438187,EAN13,True,31531
6198680700915,EAN13,True,31532
6197840282773,EAN13,True,31541
6196031925622,EAN13,True,31542
6193829707891,EAN13,True,31543
6194525436249,EAN13,True,31544
6197148839921,EAN13,True,31545
6197689116022,EAN13,True,31546
6190651072236,EAN13,True,31547
6193994523258,EAN13,True,31548
6193047749248,EAN13,True,31549
6193173071596,EAN13,True,31550
6199773492148,EAN13,True,31551
6196508145083,EAN13,True,31552
6194454091359,EAN13,True,37160
6192482973465,EAN13,True,31553
6194246443447,EAN13,True,31571
6192657515652,EAN13,True,31572
6196862759223,EAN13,True,31573
6196825349410,EAN13,True,31574
6199193737737,EAN13,True,31575
6197370575082,EAN13,True,31576
6196190287243,EAN13,True,31577
6198213436612,EAN13,True,31578
6196643958519,EAN13,True,31579
6190607224191,EAN13,True,31580
6196004183105,EAN13,True,44501
6199483477299,EAN13,True,31581
6194787806653,EAN13,True,31582
6191763932548,EAN13,True,42560
6193173514277,EAN13,True,31583
6197772651737,EAN13,True,36659
6191275857582,EAN13,True,31584
6193184852544,EAN13,True,31586
6195491544262,EAN13,True,31585
6196228137319,EAN13,True,31587
6191741498228,EAN13,True,34834
6195510489219,EAN13,True,31588
6196143715353,EAN13,True,31589
6197783056363,EAN13,True,31590
6191358368273,EAN13,True,34836
6196609198344,EAN13,True,31591
6193924700854,EAN13,True,31592
6199234390271,EAN13,True,31593
6191245284488,EAN13,True,31594
6194199407532,EAN13,True,41894
6194867525243,EAN13,True,44121
6190085199882,EAN13,True,31554
6191980737023,EAN13,True,31595
6199226197192,EAN13,True,31556
6193942911597,EAN13,True,31596
6199868991411,EAN13,True,31555
6196121278683,EAN13,True,31557
6195637833238,EAN13,True,31597
6193303258202,EAN13,True,31558
6190894011120,EAN13,True,31560
6199267509053,EAN13,True,31561
6199508302913,EAN13,True,31562
6195385963089,EAN13,True,31602
6199065130758,EAN13,True,31598
6192176450865,EAN13,True,38965
6191130913899,EAN13,True,31559
6197540242561,EAN13,True,31563
6197123818448,EAN13,True,31599
6191443594136,EAN13,True,31600
6193358119976,EAN13,True,31601
6196955868414,EAN13,True,31564
6198777895186,EAN13,True,31565
6193412520296,EAN13,True,31566
6199024750072,EAN13,True,31567
6192730507015,EAN13,True,31568
6191303965252,EAN13,True,31569
6190891280039,EAN13,True,31570
6197406532162,EAN13,True,40680
6196060664147,EAN13,True,34789
6198749669728,EAN13,True,34018
6198123232920,EAN13,True,34391
6198607749188,EAN13,True,34392
6194798120151,EAN13,True,34393
6197329729405,EAN13,True,34394
6194593219766,EAN13,True,34395
6193277285246,EAN13,True,34455
6196312173195,EAN13,True,34396
6194352822262,EAN13,True,34397
6199960546540,EAN13,True,34014
6199804124673,EAN13,True,34398
6194839332464,EAN13,True,34887
6196216409860,EAN13,True,44486
6198324582039,EAN13,True,34399
6190717579927,EAN13,True,44490
6190577084571,EAN13,True,34400
6198057024930,EAN13,True,36094
6197845187552,EAN13,True,34401
6196734012380,EAN13,True,45733
6196862017826,EAN13,True,34402
6191366147639,EAN13,True,35578
6194284360793,EAN13,True,35579
6190617405193,EAN13,True,42440
6196250555905,EAN13,True,35595
6196640550787,EAN13,True,35596
6190023426441,EAN13,True,35597
6193821999964,EAN13,True,35598
6191258624349,EAN13,True,35582
6190740705043,EAN13,True,35583
6194225953949,EAN13,True,35602
6197834576820,EAN13,True,35576
6197769100190,EAN13,True,35577
6198713372212,EAN13,True,44489
6198871819589,EAN13,True,35590
6195931495383,EAN13,True,44485
6197469185172,EAN13,True,35589
6193993397142,EAN13,True,35591
6192026404493,EAN13,True,35594
6197489203847,EAN13,True,41173
6192230894864,EAN13,True,35592
6196794471523,EAN13,True,35584
6193700262877,EAN13,True,35586
6192421855283,EAN13,True,35585
6195829129897,EAN13,True,35587
6190240927570,EAN13,True,43623
6197851905560,EAN13,True,35603
6190049950887,EAN13,True,44628
6195332049222,EAN13,True,35588
6196605185591,EAN13,True,43622
6197831245293,EAN13,True,35574
6194366506592,EAN13,True,35575
6195132354555,EAN13,True,35593
6194848242321,EAN13,True,35834
6197676315429,EAN13,True,44641
6193468256246,EAN13,True,44333
6198717008704,EAN13,True,35580
6199827895017,EAN13,True,35581
6196588780639,EAN13,True,34888
6199862341942,EAN13,True,37103
6199513094647,EAN13,True,34016
6198600109257,EAN13,True,39007
6191325064272,EAN13,True,34403
6192805442582,EAN13,True,34015
6196437712116,EAN13,True,39006
6191667107471,EAN13,True,34404
6193001072120,EAN13,True,34019
6195631875612,EAN13,True,40588
6194433982083,EAN13,True,34405
6199704511191,EAN13,True,34406
6193330280711,EAN13,True,44434
6198178455637,EAN13,True,41760
6194385270582,EAN13,True,34970
6191509194045,EAN13,True,34013
6192728153635,EAN13,True,34407
6197210311049,EAN13,True,34408
6193336031968,EAN13,True,34409
6196466030793,EAN13,True,34017
6199259168073,EAN13,True,34410
6195444075740,EAN13,True,31630
6198134642460,EAN13,True,31631
6196767947969,EAN13,True,31633
6192932207265,EAN13,True,31632
6192157367838,EAN13,True,31635
6198481645277,EAN13,True,31634
6195818880594,EAN13,True,31637
6194404934642,EAN13,True,31636
6199384388506,EAN13,True,36753
6194992875031,EAN13,True,40907
6198929818649,EAN13,True,31626
6192178852313,EAN13,True,31641
6195519436593,EAN13,True,34894
6199382183147,EAN13,True,31642
6191134246528,EAN13,True,31628
6197495341388,EAN13,True,31643
6196539419539,EAN13,True,31629
6191089458366,EAN13,True,31644
6193535816630,EAN13,True,31645
6196598041335,EAN13,True,31638
6197166739397,EAN13,True,31640
6196254864494,EAN13,True,31639
6196541731744,EAN13,True,31646
6197206223686,EAN13,True,31647
6193033206913,EAN13,True,31649
6192796072773,EAN13,True,31650
6190091562821,EAN13,True,31651
6190484198680,EAN13,True,31652
6194030344451,EAN13,True,31653
6196345972460,EAN13,True,31654
6196613775681,EAN13,True,31655
6191069195885,EAN13,True,31656
6197919205078,EAN13,True,31657
6195746849900,EAN13,True,31658
6192166801495,EAN13,True,31659
6195822647127,EAN13,True,31660
6197613674910,EAN13,True,31661
6191504498405,EAN13,True,31662
6198584304730,EAN13,True,31663
6199484098239,EAN13,True,31664
6193664230970,EAN13,True,31665
6193001913410,EAN13,True,31666
6199955315052,EAN13,True,31667
6190770178981,EAN13,True,31668
6195699215661,EAN13,True,31669
6191054180393,EAN13,True,31670
6192632522668,EAN13,True,34885
6198782431511,EAN13,True,31671
6192034691368,EAN13,True,42242
6195307629567,EAN13,True,31672
6194647552069,EAN13,True,31673
6193334243967,EAN13,True,42243
6191800144419,EAN13,True,31708
6194305313609,EAN13,True,39048
6196319661981,EAN13,True,31709
6191090984946,EAN13,True,31710
6191361756308,EAN13,True,31711
6197340244750,EAN13,True,31712
6199190526185,EAN13,True,31713
6194607456848,EAN13,True,31714
6195335447939,EAN13,True,31715
6197672476476,EAN13,True,31716
6198176907394,EAN13,True,31717
6195986169664,EAN13,True,31718
6197635233849,EAN13,True,31719
6196421676220,EAN13,True,31720
6191474276678,EAN13,True,31674
6194086606570,EAN13,True,31675
6190742835728,EAN13,True,31721
6195708910349,EAN13,True,31722
6195514385221,EAN13,True,31676
6198271889531,EAN13,True,31677
6192668214999,EAN13,True,31678
6193096277068,EAN13,True,31679
6193290645951,EAN13,True,31680
6195286017681,EAN13,True,34883
6195899375222,EAN13,True,31681
6199204263226,EAN13,True,33448
6194072244203,EAN13,True,31682
6199466579572,EAN13,True,31683
6195479092484,EAN13,True,31684
6193360504441,EAN13,True,31685
6190576995997,EAN13,True,31686
6194657890667,EAN13,True,31687
6192664611352,EAN13,True,31688
6190476614402,EAN13,True,31689
6197476442570,EAN13,True,31691
6198370626394,EAN13,True,31692
6194713596816,EAN13,True,31690
6196521199269,EAN13,True,31693
6190835407746,EAN13,True,31694
6193263662846,EAN13,True,31695
6192599941212,EAN13,True,31696
6191126553779,EAN13,True,31697
6195814987507,EAN13,True,31648
6199244729588,EAN13,True,31698
6193297963528,EAN13,True,31699
6197702752495,EAN13,True,31700
6191765852079,EAN13,True,31701
6199513123134,EAN13,True,31702
6194382148185,EAN13,True,31703
6198978079646,EAN13,True,36256
6199042463356,EAN13,True,31705
6195647206008,EAN13,True,31704
6196588285268,EAN13,True,31706
6191823423661,EAN13,True,31707
6196296553516,EAN13,True,41063
6197800318896,EAN13,True,41062
6195093695076,EAN13,True,41061
6192442487458,EAN13,True,41064
6192072994948,EAN13,True,41092
6199846584741,EAN13,True,41093
6194297784133,EAN13,True,44399
6190585398877,EAN13,True,41058
6199535906362,EAN13,True,41059
6191608556157,EAN13,True,40970
6195638457178,EAN13,True,40971
6198501954684,EAN13,True,41057
6192677886734,EAN13,True,44405
6195371073671,EAN13,True,41060
6195373035073,EAN13,True,40969
6190421373125,EAN13,True,41056
6197082716335,EAN13,True,44398
6195124397555,EAN13,True,44403
6196265739680,EAN13,True,44400
6191111651262,EAN13,True,44404
6190844127824,EAN13,True,44402
6199212143352,EAN13,True,44401
6191388276155,EAN13,True,45483
6192445605338,EAN13,True,33635
6197301603990,EAN13,True,33636
6199004602519,EAN13,True,33637
6194910413631,EAN13,True,33638
6196299668989,EAN13,True,45484
6194378939650,EAN13,True,33639
6190211616805,EAN13,True,33640
6199562108294,EAN13,True,33641
6195622983353,EAN13,True,33642
6195228724107,EAN13,True,44447
6198848571159,EAN13,True,44450
6196949994392,EAN13,True,44449
6199266756779,EAN13,True,36238
6191233249561,EAN13,True,36239
6199075565616,EAN13,True,36240
6195641507604,EAN13,True,36241
6191571051589,EAN13,True,44435
6195351899354,EAN13,True,44440
6195642684830,EAN13,True,44439
6198832264249,EAN13,True,44436
6198223863815,EAN13,True,44441
6194569361471,EAN13,True,44438
6198451706526,EAN13,True,33643
6192114806048,EAN13,True,33644
6196896195907,EAN13,True,33645
6198899987389,EAN13,True,33646
6192487994694,EAN13,True,33647
6199057235207,EAN13,True,33648
6192237213642,EAN13,True,33649
6195986009788,EAN13,True,33650
6194455810238,EAN13,True,33651
6190618556379,EAN13,True,33652
6192397260030,EAN13,True,33653
6198896231483,EAN13,True,33654
6197306913926,EAN13,True,39948
6199047314888,EAN13,True,39951
6191426426722,EAN13,True,39942
6193264643981,EAN13,True,39949
6192207735448,EAN13,True,39940
6197463466783,EAN13,True,42580
6197048527199,EAN13,True,39946
6196880086015,EAN13,True,39945
6192375647440,EAN13,True,39943
6191155551328,EAN13,True,39944
6198681070592,EAN13,True,43772
6191597536707,EAN13,True,39947
6195390385957,EAN13,True,39950
6190820601001,EAN13,True,41924
6197251637843,EAN13,True,39952
6191657754164,EAN13,True,33655
6193401843304,EAN13,True,33656
6196972386281,EAN13,True,33657
6190461216677,EAN13,True,33658
6198757371660,EAN13,True,33659
6191108648329,EAN13,True,33660
6196071437673,EAN13,True,33661
6191850215350,EAN13,True,33662
6191435881347,EAN13,True,33663
6194309963989,EAN13,True,33665
6197541325418,EAN13,True,33664
6195146387231,EAN13,True,33666
6191771427768,EAN13,True,33667
6195893782749,EAN13,True,33668
6199803979137,EAN13,True,33669
6199815460456,EAN13,True,33670
6198595902680,EAN13,True,33671
6191485889450,EAN13,True,33672
6195128055648,EAN13,True,33673
6191315249050,EAN13,True,33674
6196048074698,EAN13,True,33675
6196536418982,EAN13,True,33676
6194798521527,EAN13,True,33677
6197491227619,EAN13,True,33678
6199649176293,EAN13,True,33679
6193456987200,EAN13,True,33680
6190990841469,EAN13,True,33738
6195027449171,EAN13,True,33739
6192441971215,EAN13,True,33740
6199783825071,EAN13,True,33741
6199048971015,EAN13,True,33681
6192172655718,EAN13,True,33682
6195402140691,EAN13,True,33742
6194631578774,EAN13,True,33743
6190337519624,EAN13,True,33744
6193729857597,EAN13,True,33745
6194114026853,EAN13,True,33683
6190240900050,EAN13,True,33684
6192336163596,EAN13,True,33685
6191131689980,EAN13,True,33686
6191804864353,EAN13,True,33687
6197094570833,EAN13,True,33688
6190211965534,EAN13,True,33689
6193275956881,EAN13,True,33690
6197382078485,EAN13,True,39954
6197822730018,EAN13,True,39958
6198135752579,EAN13,True,39955
6194410463552,EAN13,True,39959
6194246841700,EAN13,True,39953
6197542290216,EAN13,True,39957
6193088334793,EAN13,True,39956
6191842724206,EAN13,True,39960
6194810509393,EAN13,True,39941
6193994522347,EAN13,True,40413
6197798749421,EAN13,True,33691
6193619659500,EAN13,True,33692
6198340815919,EAN13,True,33696
6197749294543,EAN13,True,33694
6199748067791,EAN13,True,33695
6199001649883,EAN13,True,33697
6196342547883,EAN13,True,33698
6194111518441,EAN13,True,33699
6197041366960,EAN13,True,33700
6190761505785,EAN13,True,33701
6192719427723,EAN13,True,33702
6199840091346,EAN13,True,44437
6190672384330,EAN13,True,33703
6197517510358,EAN13,True,33704
6191510004234,EAN13,True,33705
6191429019611,EAN13,True,33706
6191744904933,EAN13,True,31723
6197609506223,EAN13,True,34837
6194107552828,EAN13,True,31724
6196028065443,EAN13,True,31725
6195651478453,EAN13,True,31726
6193611909834,EAN13,True,31727
6193584359124,EAN13,True,36520
6190388802030,EAN13,True,31728
6190353848942,EAN13,True,31729
6193812097884,EAN13,True,31730
6190473661436,EAN13,True,31731
6192140085185,EAN13,True,31732
6191984355827,EAN13,True,34838
6196387210306,EAN13,True,31733
6192635738765,EAN13,True,31734
6194614964576,EAN13,True,31735
6193375877077,EAN13,True,31736
6197149360631,EAN13,True,31737
6191120517182,EAN13,True,31738
6195647479154,EAN13,True,31739
6197971341235,EAN13,True,31740
6191215126105,EAN13,True,41562
6196416208681,EAN13,True,31741
6192463483749,EAN13,True,31742
6195039462591,EAN13,True,31743
6190487041125,EAN13,True,33067
6198836351039,EAN13,True,31744
6198029857159,EAN13,True,31745
6199063454496,EAN13,True,31746
6195220776885,EAN13,True,33068
6197415725126,EAN13,True,31747
6190451846798,EAN13,True,31748
6197390681415,EAN13,True,31749
6193830709798,EAN13,True,31750
6199787125845,EAN13,True,31751
6197667111830,EAN13,True,31752
6198047923021,EAN13,True,31753
6199657304369,EAN13,True,31754
6197587299917,EAN13,True,31755
6190831734554,EAN13,True,34839
6192202363079,EAN13,True,31756
6196558157621,EAN13,True,35983
6199802743836,EAN13,True,31757
6194039416751,EAN13,True,35984
6192289866115,EAN13,True,41239
6197838153478,EAN13,True,38152
6199236450300,EAN13,True,31758
6199929799237,EAN13,True,42600
6198013501347,EAN13,True,42599
6193420751040,EAN13,True,42598
6195082080904,EAN13,True,44012
6191025799243,EAN13,True,44013
6199956818750,EAN13,True,42607
6197748192877,EAN13,True,41731
6197149086854,EAN13,True,45204
6192896011098,EAN13,True,45210
6192723656605,EAN13,True,45205
6195914867909,EAN13,True,45211
6194863456820,EAN13,True,45206
6197591279132,EAN13,True,45212
6190967429232,EAN13,True,45207
6194623089965,EAN13,True,45213
6196587169750,EAN13,True,45208
6197948228237,EAN13,True,45214
6197442132225,EAN13,True,45209
6196869828531,EAN13,True,45215
6194545619530,EAN13,True,36079
6195005428246,EAN13,True,36080
6193839015708,EAN13,True,38153
6193367097029,EAN13,True,36641
6191973082934,EAN13,True,43694
6198386152058,EAN13,True,36081
6190040547158,EAN13,True,35840
6194571748901,EAN13,True,35912
6193336857807,EAN13,True,36077
6197863095121,EAN13,True,36078
6196664396750,EAN13,True,42572
6190110533182,EAN13,True,38086
6197450269126,EAN13,True,38087
6198661095690,EAN13,True,38088
6192062006819,EAN13,True,38092
6192932920269,EAN13,True,38089
6199006350319,EAN13,True,38090
6197632673806,EAN13,True,38091
6193132610897,EAN13,True,38056
6190853890153,EAN13,True,38044
6198839595591,EAN13,True,38057
6191420267446,EAN13,True,38045
6199732716762,EAN13,True,38052
6191242652271,EAN13,True,38040
6196209749159,EAN13,True,38058
6191704377443,EAN13,True,38046
6196208976923,EAN13,True,38059
6195826625169,EAN13,True,38047
6194204635057,EAN13,True,38053
6192160339950,EAN13,True,38041
6195565123021,EAN13,True,38060
6196178347491,EAN13,True,38048
6190232839377,EAN13,True,45185
6198019297075,EAN13,True,38061
6192760192102,EAN13,True,38049
6197578474303,EAN13,True,38054
6191152429754,EAN13,True,38042
6197772934834,EAN13,True,38062
6190581492962,EAN13,True,38050
6198720371099,EAN13,True,38063
6193359955542,EAN13,True,38051
6198882250296,EAN13,True,38055
6194466452562,EAN13,True,38043
6195613295441,EAN13,True,38078
6196173539051,EAN13,True,38067
6191634185091,EAN13,True,45190
6199219352825,EAN13,True,38079
6190195731541,EAN13,True,38068
6190332131175,EAN13,True,38080
6191523999668,EAN13,True,38069
6196357169494,EAN13,True,45187
6190810349917,EAN13,True,38081
6193872364674,EAN13,True,38070
6194928253469,EAN13,True,38075
6190241517237,EAN13,True,38064
6194087903513,EAN13,True,38082
6199853485509,EAN13,True,38071
6197417977097,EAN13,True,45186
6196045895887,EAN13,True,38083
6191348167408,EAN13,True,38072
6193045553902,EAN13,True,38076
6193796925739,EAN13,True,38065
6196254313325,EAN13,True,38084
6191801785781,EAN13,True,38073
6194199532555,EAN13,True,45188
6198480683368,EAN13,True,38085
6190654327623,EAN13,True,38074
6190508915114,EAN13,True,38077
6193227746706,EAN13,True,38066
6193473653160,EAN13,True,44638
6196127635358,EAN13,True,44637
6199523539644,EAN13,True,44432
6198483944507,EAN13,True,42452
6190406986148,EAN13,True,39030
6197400516977,EAN13,True,41710
6192228081315,EAN13,True,31373
6192876892714,EAN13,True,36622
6195619598687,EAN13,True,39031
6192833608464,EAN13,True,41681
6190123278373,EAN13,True,39032
6199890351553,EAN13,True,41706
6199616259385,EAN13,True,41707
6196467353178,EAN13,True,41708
6199083792923,EAN13,True,41709
6190443139055,EAN13,True,31382
6198917654738,EAN13,True,36223
6194476001516,EAN13,True,36621
6193164384939,EAN13,True,39033
6192224731546,EAN13,True,39034
6199617395198,EAN13,True,45189
6199234602857,EAN13,True,39035
6198878355965,EAN13,True,39036
6193683851604,EAN13,True,39037
6195911817523,EAN13,True,39038
6199623721589,EAN13,True,39054
6194975193879,EAN13,True,39055
6197263664822,EAN13,True,39056
6190473652696,EAN13,True,39057
6192125119106,EAN13,True,39058
6192705651509,EAN13,True,39076
6199444012525,EAN13,True,39077
6197502935872,EAN13,True,39078
6190588754232,EAN13,True,39079
6197730257771,EAN13,True,39080
6190413016368,EAN13,True,41703
6193741418594,EAN13,True,41704
6191950123010,EAN13,True,41705
6194771899829,EAN13,True,38963
6198505955113,EAN13,True,42091
6196276259339,EAN13,True,35996
6194467265556,EAN13,True,35997
6196915472479,EAN13,True,38101
6199260804700,EAN13,True,35998
6191595983558,EAN13,True,35999
6194047378085,EAN13,True,37150
6193643045623,EAN13,True,36000
6197838365338,EAN13,True,38103
6194723035253,EAN13,True,35987
6193519214090,EAN13,True,38102
6198858461231,EAN13,True,38104
6191543132003,EAN13,True,35995
6193334768998,EAN13,True,38094
6197519142373,EAN13,True,38095
6197615753646,EAN13,True,38093
6193754508790,EAN13,True,42239
6193965748149,EAN13,True,42240
6196777733462,EAN13,True,36085
6191022587470,EAN13,True,31759
6195571487559,EAN13,True,31760
6198220269407,EAN13,True,32482
6199580520427,EAN13,True,35923
6192454747283,EAN13,True,31761
6194075530998,EAN13,True,31762
6191081698232,EAN13,True,31763
6191749357592,EAN13,True,31764
6195447578363,EAN13,True,31765
6198058657683,EAN13,True,35922
6198888103440,EAN13,True,31766
6199815340754,EAN13,True,31767
6191699551211,EAN13,True,31768
6199582925291,EAN13,True,34982
6194024552165,EAN13,True,31769
6194182368572,EAN13,True,31770
6195864081862,EAN13,True,31771
6193895431638,EAN13,True,38711
6196258900305,EAN13,True,42211
6199727346347,EAN13,True,42212
6191691857216,EAN13,True,42208
6193632086411,EAN13,True,42209
6193544119195,EAN13,True,42210
6198557582800,EAN13,True,38719
6194347626497,EAN13,True,38717
6199915143051,EAN13,True,38718
6191389674983,EAN13,True,38720
6193542357001,EAN13,True,34637
6199413289062,EAN13,True,31772
6194711572469,EAN13,True,31773
6199872496612,EAN13,True,33827
6196530875811,EAN13,True,45644
6197520333139,EAN13,True,44103
6191231057090,EAN13,True,44100
6197110498712,EAN13,True,44104
6194470427378,EAN13,True,44105
6192284640345,EAN13,True,44101
6198580593220,EAN13,True,44102
6192300221545,EAN13,True,43768
6197659805314,EAN13,True,43788
6198753606841,EAN13,True,43923
6197664824243,EAN13,True,43771
6194486146890,EAN13,True,43826
6190925978613,EAN13,True,44725
6191965184398,EAN13,True,42570
6198587605959,EAN13,True,42571
6197198026656,EAN13,True,42615
6190050557190,EAN13,True,44728
6195460082315,EAN13,True,42616
6199763357527,EAN13,True,42663
6196584695768,EAN13,True,42617
6198465831883,EAN13,True,44727
6192654705166,EAN13,True,44065
6199763930834,EAN13,True,44064
6197370444180,EAN13,True,45642
6195389065552,EAN13,True,39971
6190555160976,EAN13,True,39972
6190981211736,EAN13,True,41207
6195909334647,EAN13,True,39969
6190023530568,EAN13,True,39970
6199943532124,EAN13,True,41596
6190741186139,EAN13,True,41600
6190349154077,EAN13,True,41601
6192950872106,EAN13,True,41597
6199741394809,EAN13,True,41602
6190598426019,EAN13,True,41598
6196140783487,EAN13,True,45480
6195997720115,EAN13,True,45479
6192761410360,EAN13,True,41599
6192545436443,EAN13,True,38911
6198870196490,EAN13,True,38748
6190933148086,EAN13,True,38912
6194144635658,EAN13,True,38913
6194092541371,EAN13,True,38909
6191654578819,EAN13,True,38910
6190669555585,EAN13,True,34795
6198096127342,EAN13,True,39906
6191951380171,EAN13,True,39907
6199508963459,EAN13,True,41669
6198063054172,EAN13,True,39908
6196280394107,EAN13,True,39905
6195067048321,EAN13,True,39910
6197990497322,EAN13,True,39911
6196329144322,EAN13,True,39912
6190547956448,EAN13,True,39909
6199213307771,EAN13,True,39914
6198072835959,EAN13,True,39915
6196724959675,EAN13,True,39916
6198843192902,EAN13,True,39913
6191534039564,EAN13,True,33478
6191598703634,EAN13,True,33479
6194782549993,EAN13,True,33480
6191325223723,EAN13,True,33446
6194162787344,EAN13,True,33447
6198632906244,EAN13,True,33473
6193015872873,EAN13,True,33474
6196801285310,EAN13,True,33475
6192353974050,EAN13,True,33476
6190580519208,EAN13,True,33477
6199881028556,EAN13,True,32112
6198163982261,EAN13,True,32123
6195542525196,EAN13,True,31774
6191041722144,EAN13,True,32124
6190621985191,EAN13,True,32125
6193231444504,EAN13,True,32126
6191115649405,EAN13,True,31775
6196755615766,EAN13,True,31776
6193300681524,EAN13,True,31777
6196142368088,EAN13,True,31778
6194256144855,EAN13,True,32127
6197437065284,EAN13,True,31779
6192238645413,EAN13,True,31780
6195691427969,EAN13,True,38618
6198076279957,EAN13,True,31781
6197082185517,EAN13,True,39891
6191611845927,EAN13,True,32128
6199256612494,EAN13,True,32129
6190854134249,EAN13,True,38999
6193221893172,EAN13,True,32130
6195841722924,EAN13,True,32131
6195126152363,EAN13,True,32132
6194475604574,EAN13,True,42565
6196732310330,EAN13,True,42566
6199943830549,EAN13,True,38616
6190640595023,EAN13,True,38617
6191950504288,EAN13,True,38615
6191321295078,EAN13,True,42055
6199895150047,EAN13,True,38614
6193620496952,EAN13,True,39892
6197666082841,EAN13,True,44755
6195731904823,EAN13,True,44756
6190202388849,EAN13,True,31783
6196232985175,EAN13,True,31784
6196171407721,EAN13,True,31785
6196710411187,EAN13,True,31787
6197149056215,EAN13,True,42442
6190343236005,EAN13,True,37151
6190650896921,EAN13,True,45413
6195613255717,EAN13,True,44754
6198515065598,EAN13,True,33720
6191845533623,EAN13,True,43975
6198528083293,EAN13,True,31782
6199288976065,EAN13,True,31786
6191002029002,EAN13,True,39009
6195248990656,EAN13,True,31788
6197557153760,EAN13,True,31789
6198170540090,EAN13,True,31790
6199158599880,EAN13,True,37146
6193473616381,EAN13,True,37145
6195982583714,EAN13,True,37128
6190880828310,EAN13,True,41937
6193895343500,EAN13,True,41940
6198142101746,EAN13,True,41388
6195299734399,EAN13,True,44430
6194046826859,EAN13,True,44431
6197091280373,EAN13,True,41075
6193602270411,EAN13,True,38391
6194995347812,EAN13,True,36521
6194817173629,EAN13,True,44714
6191437376274,EAN13,True,39039
6194974622116,EAN13,True,38208
6192943511526,EAN13,True,42249
6191816032276,EAN13,True,43910
6196661273360,EAN13,True,43918
6195020597293,EAN13,True,43921
6197886507120,EAN13,True,43914
6199252146595,EAN13,True,43909
6193586811318,EAN13,True,41176
6193686654349,EAN13,True,41311
6194273430795,EAN13,True,41678
6196894695120,EAN13,True,40923
6190820381277,EAN13,True,40922
6190155704055,EAN13,True,45216
6191229784951,EAN13,True,41308
6193500302612,EAN13,True,41355
6195282542666,EAN13,True,44397
6199516299030,EAN13,True,41175
6195339091659,EAN13,True,42618
6193362211952,EAN13,True,40676
6196529874968,EAN13,True,40905
6191447742175,EAN13,True,40663
6191603555764,EAN13,True,40906
6199464399732,EAN13,True,40677
6193123865574,EAN13,True,40675
6192056714582,EAN13,True,41304
6196735647606,EAN13,True,41307
6196255038227,EAN13,True,44419
6199002312782,EAN13,True,40738
6194673492182,EAN13,True,31793
6198525497671,EAN13,True,31804
6196016291674,EAN13,True,31794
6197440786730,EAN13,True,31805
6193431872853,EAN13,True,31806
6197727146527,EAN13,True,40365
6193655943319,EAN13,True,31807
6197728067324,EAN13,True,31795
6195958103708,EAN13,True,31808
6196994042653,EAN13,True,31809
6190025746622,EAN13,True,31836
6198764702220,EAN13,True,31796
6197404674473,EAN13,True,31811
6197938139767,EAN13,True,31812
6194567644963,EAN13,True,31813
6197198446036,EAN13,True,31815
6192458932694,EAN13,True,31814
6192281465512,EAN13,True,31816
6196558318107,EAN13,True,44396
6193539862451,EAN13,True,31810
6197647027694,EAN13,True,36681
6192652320943,EAN13,True,44521
6196999151947,EAN13,True,45664
6190728426056,EAN13,True,31817
6194930885085,EAN13,True,31797
6194148464058,EAN13,True,31818
6195621841111,EAN13,True,31819
6195118078367,EAN13,True,31820
6192368904392,EAN13,True,44535
6191468894473,EAN13,True,45416
6199094742386,EAN13,True,45648
6198284301149,EAN13,True,31798
6196441337930,EAN13,True,31821
6192729763341,EAN13,True,31827
6195411335495,EAN13,True,34868
6193409310547,EAN13,True,31799
6197558304538,EAN13,True,31822
6194426816463,EAN13,True,31824
6194869369526,EAN13,True,31823
6194263969580,EAN13,True,36680
6197884822946,EAN13,True,31825
6197471175567,EAN13,True,31834
6199819880232,EAN13,True,31833
6197208289516,EAN13,True,31800
6199290842017,EAN13,True,31792
6193708713100,EAN13,True,31801
6199133530875,EAN13,True,31826
6195562079729,EAN13,True,31802
6192271957704,EAN13,True,31830
6195426598919,EAN13,True,31831
6198740270567,EAN13,True,31828
6199984461236,EAN13,True,31829
6195732453955,EAN13,True,31832
6193167436932,EAN13,True,44421
6196229415481,EAN13,True,31835
6192428797003,EAN13,True,31791
6191573193922,EAN13,True,31803
6190897954279,EAN13,True,31837
6193392389755,EAN13,True,43916
6199519807867,EAN13,True,31839
6196066885025,EAN13,True,31840
6198381206521,EAN13,True,31841
6197668363148,EAN13,True,31842
6198757273809,EAN13,True,31878
6196065854082,EAN13,True,31843
6199821581981,EAN13,True,31880
6197330393428,EAN13,True,31881
6198979982125,EAN13,True,31892
6195572870941,EAN13,True,31893
6190505535351,EAN13,True,31844
6193968364285,EAN13,True,40364
6199339006976,EAN13,True,31882
6195500855820,EAN13,True,31894
6198026138594,EAN13,True,31895
6196087270088,EAN13,True,31919
6195597276670,EAN13,True,31883
6196693857260,EAN13,True,31896
6190555389030,EAN13,True,42308
6198383736637,EAN13,True,31897
6193183362336,EAN13,True,31900
6194184431942,EAN13,True,31898
6199062469516,EAN13,True,31901
6191752662193,EAN13,True,31899
6193437460924,EAN13,True,41667
6199491562796,EAN13,True,31902
6198732679125,EAN13,True,31884
6196198592497,EAN13,True,31885
6192243381759,EAN13,True,31903
6192102335291,EAN13,True,31904
6193537520861,EAN13,True,31886
6191705128163,EAN13,True,31905
6195729671092,EAN13,True,31911
6194428310954,EAN13,True,31912
6191131115069,EAN13,True,31887
6192190395236,EAN13,True,31906
6197538708985,EAN13,True,31908
6191805887591,EAN13,True,31907
6194914269977,EAN13,True,31909
6191831927454,EAN13,True,31888
6191496308155,EAN13,True,41574
6195761829510,EAN13,True,31879
6192380043116,EAN13,True,31845
6199434274737,EAN13,True,31889
6194495956475,EAN13,True,31910
6197925742774,EAN13,True,31846
6197931311946,EAN13,True,31890
6195244528211,EAN13,True,31913
6198840177744,EAN13,True,31914
6191378501919,EAN13,True,31978
6192398143077,EAN13,True,31979
6192869477137,EAN13,True,31915
6197323246858,EAN13,True,31917
6198459403582,EAN13,True,31916
6197454910398,EAN13,True,31918
6199800600166,EAN13,True,42309
6195023729121,EAN13,True,31980
6198332696513,EAN13,True,31847
6199928234247,EAN13,True,34877
6195192267819,EAN13,True,31891
6190428301288,EAN13,True,31920
6196170527736,EAN13,True,31848
6191234997346,EAN13,True,31849
6199587369728,EAN13,True,44504
6198164426106,EAN13,True,31850
6190001362318,EAN13,True,31851
6190758138954,EAN13,True,31852
6198873604893,EAN13,True,31921
6198584100772,EAN13,True,31853
6195763549380,EAN13,True,31854
6198788486692,EAN13,True,41670
6191368581828,EAN13,True,31855
6193753793832,EAN13,True,41664
6194762635964,EAN13,True,44418
6191454056890,EAN13,True,45666
6197305195611,EAN13,True,31856
6193614126733,EAN13,True,31922
6198851144520,EAN13,True,31857
6190812778885,EAN13,True,31858
6194041027046,EAN13,True,31859
6192171578625,EAN13,True,31924
6191079953482,EAN13,True,31860
6192485263828,EAN13,True,31862
6196249195433,EAN13,True,31864
6199468426292,EAN13,True,31863
6192687723966,EAN13,True,31861
6199041868129,EAN13,True,31923
6199983571952,EAN13,True,31865
6198239815712,EAN13,True,41665
6195353569952,EAN13,True,31838
6190219428835,EAN13,True,31866
6196314832335,EAN13,True,31867
6199684031900,EAN13,True,31868
6196619358246,EAN13,True,31869
6192206931966,EAN13,True,31870
6197704460428,EAN13,True,44512
6198731454219,EAN13,True,31871
6196538831956,EAN13,True,31872
6193245945693,EAN13,True,31925
6194516588063,EAN13,True,31926
6199054456146,EAN13,True,31873
6194760651250,EAN13,True,31874
6195134157150,EAN13,True,43703
6198347713452,EAN13,True,31927
6194819655880,EAN13,True,31875
6195375947408,EAN13,True,31928
6199943560729,EAN13,True,31876
6193889437570,EAN13,True,31877
6192800300360,EAN13,True,43920
6198724648315,EAN13,True,31930
6197179208134,EAN13,True,31931
6198442159027,EAN13,True,31932
6198612979729,EAN13,True,31933
6198374854092,EAN13,True,31934
6197035267437,EAN13,True,34575
6193064887022,EAN13,True,31935
6197106752376,EAN13,True,31936
6199337450331,EAN13,True,31937
6191604901881,EAN13,True,31938
6198166954834,EAN13,True,31971
6190534045098,EAN13,True,31939
6191757077196,EAN13,True,31940
6198988889547,EAN13,True,31941
6191204097287,EAN13,True,44052
6195529806232,EAN13,True,31942
6197240539624,EAN13,True,31943
6190653969680,EAN13,True,36679
6190288164395,EAN13,True,31944
6192343826019,EAN13,True,31945
6198721011316,EAN13,True,44068
6192284971768,EAN13,True,31946
6190883804630,EAN13,True,31947
6191874002239,EAN13,True,31948
6191754892433,EAN13,True,31972
6198092502679,EAN13,True,31949
6197510476611,EAN13,True,31950
6191726897268,EAN13,True,31951
6194588965232,EAN13,True,31952
6195959250207,EAN13,True,31953
6198844505088,EAN13,True,31954
6195461309839,EAN13,True,31955
6191826466287,EAN13,True,31956
6199199577085,EAN13,True,31957
6192711639359,EAN13,True,36678
6197789146057,EAN13,True,34794
6194880825179,EAN13,True,31958
6193287175230,EAN13,True,31959
6199091002630,EAN13,True,41385
6196941374750,EAN13,True,31929
6199051720059,EAN13,True,31960
6198916207676,EAN13,True,31961
6192608725242,EAN13,True,31962
6199618380582,EAN13,True,31963
6197006714555,EAN13,True,31964
6196520294877,EAN13,True,31965
6194520780835,EAN13,True,31966
6199345384909,EAN13,True,31973
6194532265409,EAN13,True,31974
6198533451294,EAN13,True,31967
6197728674072,EAN13,True,31968
6192458398784,EAN13,True,31975
6190719127083,EAN13,True,31976
6199160242037,EAN13,True,31977
6198545696359,EAN13,True,31969
6191934972063,EAN13,True,31970
6191333034531,EAN13,True,43913
6191183606755,EAN13,True,43922
6190883433210,EAN13,True,43827
6190974474805,EAN13,True,43905
6198292042922,EAN13,True,43904
6193684298361,EAN13,True,43906
6199507624784,EAN13,True,43919
6198827156584,EAN13,True,43907
6193634306948,EAN13,True,43908
6194083559350,EAN13,True,43915
6194954822152,EAN13,True,43912
6197090261919,EAN13,True,43911
6193272815802,EAN13,True,43917
6198765851736,EAN13,True,42227
6193859785355,EAN13,True,42597
6190942874730,EAN13,True,45377
6194040592400,EAN13,True,42606
6192264212117,EAN13,True,42602
6193991619882,EAN13,True,42614
6196953677605,EAN13,True,42603
6198936522874,EAN13,True,42604
6194168002564,EAN13,True,45395
6196295363961,EAN13,True,42601
6193421948801,EAN13,True,38182
6198375506882,EAN13,True,38183
6198207701472,EAN13,True,42596
6198752706302,EAN13,True,38181
6190850176335,EAN13,True,31981
6192264736486,EAN13,True,31982
6199974559569,EAN13,True,45643
6190918256665,EAN13,True,45475
6198124529993,EAN13,True,45561
6190070272084,EAN13,True,43678
6194886480862,EAN13,True,42238
6198337186428,EAN13,True,42453
6199656526265,EAN13,True,41728
6197003625232,EAN13,True,31983
6192279167866,EAN13,True,31984
6198178977041,EAN13,True,31985
6194263200469,EAN13,True,31986
6197270601229,EAN13,True,31987
6198155860478,EAN13,True,31988
6190611062385,EAN13,True,31989
6190137285802,EAN13,True,31990
6195243561963,EAN13,True,31991
6193459072004,EAN13,True,31992
6191031046939,EAN13,True,44503
6193795124731,EAN13,True,44046
6190760040218,EAN13,True,42612
6194438855261,EAN13,True,37161
6190330540722,EAN13,True,39141
6199758948732,EAN13,True,37148
6192497618137,EAN13,True,44502
6195432532534,EAN13,True,31993
6196618598102,EAN13,True,31994
6197851818820,EAN13,True,34833
6196338346728,EAN13,True,37957
6197986710572,EAN13,True,31995
6194331207219,EAN13,True,31996
6191895376865,EAN13,True,35865
6194516225085,EAN13,True,35866
6195064548273,EAN13,True,31997
6195231593729,EAN13,True,42564
6199609165291,EAN13,True,31998
6194823652817,EAN13,True,31999
6192726963560,EAN13,True,42563
6193337521228,EAN13,True,45731
6193172288126,EAN13,True,32000
6190540171190,EAN13,True,36615
6191720515274,EAN13,True,36616
6198092586237,EAN13,True,45647
6199425485076,EAN13,True,36543
6197048305144,EAN13,True,41378
6191802840720,EAN13,True,41379
6193456190664,EAN13,True,41373
6190772501183,EAN13,True,45563
6199924490553,EAN13,True,45730
6195370703739,EAN13,True,45646
6197043918730,EAN13,True,32001
6192712845151,EAN13,True,41377
6199525322808,EAN13,True,42661
6195926496722,EAN13,True,41374
6191252067807,EAN13,True,32002
6199086028023,EAN13,True,35863
6194066819918,EAN13,True,41375
6192715331464,EAN13,True,41376
6197054553292,EAN13,True,34975
6193243644356,EAN13,True,45482
6190380285592,EAN13,True,41809
6194414618488,EAN13,True,32003
6199629319021,EAN13,True,32004
6198807567782,EAN13,True,38133
6191015573114,EAN13,True,32005
6197106078982,EAN13,True,38143
6193772880494,EAN13,True,34183
6197072491640,EAN13,True,34201
6198082116543,EAN13,True,34202
6191609362856,EAN13,True,34203
6195383818837,EAN13,True,39454
6199392049903,EAN13,True,34208
6192659507064,EAN13,True,34209
6192576551764,EAN13,True,34210
6191480727562,EAN13,True,34211
6196763077998,EAN13,True,34212
6196951549830,EAN13,True,34213
6198893343626,EAN13,True,34916
6198576175984,EAN13,True,43681
6191034268657,EAN13,True,43679
6193383920198,EAN13,True,34214
6199433040045,EAN13,True,34215
6192850833872,EAN13,True,34216
6197944932828,EAN13,True,36113
6190941718312,EAN13,True,43680
6197781308350,EAN13,True,34204
6196975703805,EAN13,True,34205
6191551533517,EAN13,True,34206
6198193027428,EAN13,True,34207
6197071515864,EAN13,True,42219
6194372456979,EAN13,True,35867
6191001025522,EAN13,True,35889
6194922669075,EAN13,True,35890
6191472962902,EAN13,True,44309
6197614723523,EAN13,True,35891
6190769383125,EAN13,True,35892
6197763700660,EAN13,True,35894
6190166016673,EAN13,True,35893
6193740038221,EAN13,True,37162
6199454334453,EAN13,True,35895
6197761810510,EAN13,True,35896
6192134813709,EAN13,True,35897
6196231179290,EAN13,True,35898
6192517599350,EAN13,True,35899
6194393494929,EAN13,True,35900
6199083974970,EAN13,True,35901
6192299287478,EAN13,True,35902
6197843918046,EAN13,True,35903
6190382078312,EAN13,True,37845
6198724404100,EAN13,True,45743
6190557116906,EAN13,True,41208
6190706951569,EAN13,True,35904
6195641553418,EAN13,True,43924
6199691537040,EAN13,True,45381
6192869737792,EAN13,True,44330
6195426295137,EAN13,True,35905
6190574758602,EAN13,True,35906
6199441396949,EAN13,True,35907
6198473273765,EAN13,True,35908
6191361046469,EAN13,True,41672
6195955499330,EAN13,True,35909
6197946675617,EAN13,True,38630
6194281766145,EAN13,True,42204
6197920966810,EAN13,True,42207
6192653630306,EAN13,True,42213
6190756561431,EAN13,True,32006
6195252973966,EAN13,True,32007
6197599229221,EAN13,True,32008
6194293656559,EAN13,True,32009
6194954512866,EAN13,True,32010
6194327171078,EAN13,True,32011
6194904950210,EAN13,True,32012
6197012493848,EAN13,True,32013
6190054905401,EAN13,True,32014
6195661797597,EAN13,True,32015
6192225747012,EAN13,True,32016
6190942875313,EAN13,True,32017
6190960854059,EAN13,True,32018
6195409955852,EAN13,True,32019
6198514589444,EAN13,True,32020
6199506281537,EAN13,True,32021
6199076796657,EAN13,True,32022
6193499082034,EAN13,True,32023
6190560664218,EAN13,True,32024
6190053608723,EAN13,True,32025
6198247157525,EAN13,True,32026
6192534412164,EAN13,True,32027
6197598108392,EAN13,True,32028
6196999235425,EAN13,True,32029
6192810973305,EAN13,True,32030
6194093603094,EAN13,True,32031
6197628614842,EAN13,True,32032
6196965092214,EAN13,True,32033
6198789921475,EAN13,True,32034
6196720106576,EAN13,True,32035
6197537693385,EAN13,True,32036
6198134487261,EAN13,True,32037
6192974845649,EAN13,True,32038
6199816221447,EAN13,True,32039
6196245849110,EAN13,True,32040
6197723061185,EAN13,True,32041
6192346805965,EAN13,True,32042
6198251607993,EAN13,True,32043
6197021621577,EAN13,True,32044
6197956801600,EAN13,True,32045
6190620905301,EAN13,True,32046
6190250165425,EAN13,True,32047
6198838761230,EAN13,True,32048
6194570669272,EAN13,True,32049
6190637315074,EAN13,True,32050
6193056398860,EAN13,True,32051
6197451708589,EAN13,True,32052
6196292487154,EAN13,True,32053
6194689742149,EAN13,True,32054
6190151154757,EAN13,True,32055
6191051375459,EAN13,True,32056
6192858049585,EAN13,True,32057
6198438647543,EAN13,True,32058
6191511405041,EAN13,True,32059
6194584159161,EAN13,True,32060
6195133799472,EAN13,True,32061
6191225865568,EAN13,True,32062
6193616702403,EAN13,True,32063
6191810847339,EAN13,True,32064
6192015209245,EAN13,True,32065
6198261521832,EAN13,True,32066
6197556887815,EAN13,True,32067
6197358602649,EAN13,True,32068
6191029237936,EAN13,True,32069
6194288370008,EAN13,True,32070
6198029971404,EAN13,True,32071
6196718636162,EAN13,True,32072
6198001664078,EAN13,True,32073
6197238056298,EAN13,True,32074
6191979911513,EAN13,True,32075
6194890188989,EAN13,True,32076
6191451739132,EAN13,True,32077
6194604057114,EAN13,True,32078
6190574777175,EAN13,True,32079
6191871915093,EAN13,True,32080
6194695175959,EAN13,True,32081
6199405787046,EAN13,True,32082
6192569121671,EAN13,True,32083
6193580282949,EAN13,True,40359
6195664704844,EAN13,True,40357
6192175969995,EAN13,True,40356
6198740496226,EAN13,True,40358
6193999817055,EAN13,True,32084
6191430030212,EAN13,True,32085
6197433715415,EAN13,True,32086
6193058996338,EAN13,True,32087
6199118655481,EAN13,True,44156
6198175228953,EAN13,True,32088
6195019738928,EAN13,True,32089
6196454227013,EAN13,True,40361
6193452427339,EAN13,True,40360
6194644356853,EAN13,True,42067
6191440488180,EAN13,True,38781
6192687989410,EAN13,True,38907
6194337349447,EAN13,True,38744
6197871740226,EAN13,True,36658
6194282668530,EAN13,True,44657
6190112244680,EAN13,True,36155
6198169370219,EAN13,True,36498
6197012615787,EAN13,True,32090
6192249155758,EAN13,True,42228
6191163057003,EAN13,True,42229
