code_barres,id_produit,type_code_barres,principal,code barre fardeau,code barre palette
texte,texte,texte,booleen,texte,texte
O,O,O,N,O,N
6199447549400,31334,EAN13,TRUE,6190638791703,6196099057532
6195119866486,31335,EAN13,TRUE,6195961099292,6198762632608
6197235346914,31336,EAN13,TRUE,6194812451841,6197227779117
6197573430492,31337,EAN13,TRUE,6196535906879,6190324483967
6195899765258,31338,EAN13,TRUE,6197745623181,6199270024729
6194296644245,31339,EAN13,TRUE,6190152522469,6195513507525
6193436232856,31340,EAN13,TRUE,6196546690770,6198915997851
6191180104982,31341,EAN13,TRUE,6198973268254,6192395593156
6191096944074,31342,EAN13,TRUE,6195454971850,6193590591013
6193661186845,31343,EAN13,TRUE,6192586917394,6196629801765
6199259717462,31344,EAN13,TRUE,6195784534514,6190519115400
6195271182893,31347,EAN13,TRUE,6191588259259,6195891939848
6190282754488,31348,EAN13,TRUE,6192409612853,6194160043103
6192145486802,31349,EAN13,TRUE,6190799212505,6197723876879
6198945683511,31350,EAN13,TRUE,6192298370586,6199466433784
6195763678105,31351,EAN13,TRUE,6191078401946,6198346461385
6195258507127,31352,EAN13,TRUE,6193074493877,6193292800145
6199370285293,44790,EAN13,TRUE,6193428141726,6194550176561
6199429783505,44791,EAN13,TRUE,6197440907500,6199279713002
6192875267531,44792,EAN13,TRUE,6194640390372,6199368814834
6193688265334,44633,EAN13,TRUE,6191491458190,6192287993585
6194183829593,45515,EAN13,TRUE,6194572455895,6194687938593
6193152447590,45516,EAN13,TRUE,6195924034078,6197488923546
6195618036746,31353,EAN13,TRUE,6191095563313,6190089158087
6194751789232,31354,EAN13,TRUE,6192065264478,6194920310634
6195796329191,31355,EAN13,TRUE,6193306377234,6193084305544
6194150009003,31356,EAN13,TRUE,6199189306770,6193558995671
6194357330641,31357,EAN13,TRUE,6196190574529,6198210524332
6191106314048,31358,EAN13,TRUE,6193868285112,6192664743891
6195161102703,31359,EAN13,TRUE,6198408350039,6194545312770
6198297243173,41906,EAN13,TRUE,6199429062776,6192281972517
6197912975567,41907,EAN13,TRUE,6197358574285,6193842397082
6191934842090,45380,EAN13,TRUE,6197414977430,6198452291553
6198576732266,35636,EAN13,TRUE,6196222092856,6198333282025
6190903242543,35637,EAN13,TRUE,6196244447526,6198478760628
6197085835561,35638,EAN13,TRUE,6195975491132,6192252624957
6191906946418,35639,EAN13,TRUE,6195245740175,6192764807691
6194895827700,42234,EAN13,TRUE,6192569322650,6195278556343
6191648853348,42235,EAN13,TRUE,6199918121139,6195789551969
6194376877286,31360,EAN13,TRUE,6194981532176,6198283709928
6194394625933,31361,EAN13,TRUE,6194046609890,6195550597611
6190897921174,31367,EAN13,TRUE,6193359740436,6191012810546
6194661125977,31362,EAN13,TRUE,6191389437823,6196723563879
6197495492956,31363,EAN13,TRUE,6192232371288,6196489436835
6199545678316,31364,EAN13,TRUE,6198799627949,6193603414492
6197149458556,31365,EAN13,TRUE,6192386871177,6198434601695
6199722771335,31366,EAN13,TRUE,6198988700532,6195731213138
6196938043805,41912,EAN13,TRUE,6191562541822,6190865782130
6197546743868,44513,EAN13,TRUE,6194929802943,6190265485369
6199301308394,31368,EAN13,TRUE,6193513780120,6199132173248
6196151858033,31369,EAN13,TRUE,6198978377140,6199677021622
6192441891441,42214,EAN13,TRUE,6193479105267,6195571001687
6198026163509,42215,EAN13,TRUE,6198039783923,6195598019850
6192868581211,42216,EAN13,TRUE,6199053115154,6191784380777
6197459312166,42217,EAN13,TRUE,6190382937875,6190789142580
6193445506416,42218,EAN13,TRUE,6193540429119,6194617594536
6195405531210,39005,EAN13,TRUE,6191760570125,6196094399664
6191855246063,43683,EAN13,TRUE,6190017220916,6197892164519
6191142331618,31370,EAN13,TRUE,6194241968002,6192737030071
6196421436543,31371,EAN13,TRUE,6199655926501,6191810554350
6197247157164,31372,EAN13,TRUE,6196442345097,6197331822228
6197482155091,39085,EAN13,TRUE,6193271795097,6194894991877
6192859895857,31374,EAN13,TRUE,6192542743865,6195312693830
6193887326988,31375,EAN13,TRUE,6190349248880,6193795617365
6194297353988,31376,EAN13,TRUE,6193343591680,6193129793604
6190474529003,31377,EAN13,TRUE,6192495527691,6198827394342
6199659710102,31378,EAN13,TRUE,6196599631773,6199125442113
6195220917297,31379,EAN13,TRUE,6194433325233,6191729028966
6192586301566,31380,EAN13,TRUE,6198106355419,6199922374075
6191502466350,31381,EAN13,TRUE,6199394150337,6194004996185
6191713539142,43779,EAN13,TRUE,6193676456207,6193205491488
6197347131321,31383,EAN13,TRUE,6196102188927,6197229333070
6197302750125,31384,EAN13,TRUE,6190037585486,6199555984711
6198140159183,31385,EAN13,TRUE,6190459255017,6192277079992
6191255064537,38148,EAN13,TRUE,6191252609889,6199338370263
6192358691523,31386,EAN13,TRUE,6199022013232,6196698746765
6193088168358,31387,EAN13,TRUE,6192433659035,6196096041673
6193749563766,38147,EAN13,TRUE,6199575766335,6191765175572
6193735873392,31388,EAN13,TRUE,6193369831913,6197090614184
6197129389814,31389,EAN13,TRUE,6198019754774,6196387734277
6199890652629,31390,EAN13,TRUE,6198461714445,6192505414320
6195387679342,31391,EAN13,TRUE,6196504484896,6199976547160
6198345739234,38146,EAN13,TRUE,6190573400090,6190182783322
6193015367122,31392,EAN13,TRUE,6199247913823,6193690724812
6191321574337,31393,EAN13,TRUE,6194198368412,6197627379252
6190604752082,38106,EAN13,TRUE,6192245571268,6191038706793
6199304595283,31394,EAN13,TRUE,6198600183462,6191059935187
6194115925506,31395,EAN13,TRUE,6196938134082,6196727545987
6191222922437,31396,EAN13,TRUE,6194416734027,6199744675723
6190746568532,31397,EAN13,TRUE,6194441490198,6193380429786
6191449881292,31398,EAN13,TRUE,6199890684673,6192648083823
6191734039513,31399,EAN13,TRUE,6193178360255,6195440889862
6194929702324,31400,EAN13,TRUE,6194372327376,6193907708451
6199126725208,31401,EAN13,TRUE,6190944375686,6198320115486
6197023741413,31402,EAN13,TRUE,6197690259864,6191979833570
6193735118116,38105,EAN13,TRUE,6197954516328,6197404906169
6192739536746,36493,EAN13,TRUE,6198530860756,6194531530573
6197523260126,31403,EAN13,TRUE,6194711531790,6191096061335
6196476091605,31404,EAN13,TRUE,6193908407984,6192701095796
6199468178474,31405,EAN13,TRUE,6192692748002,6198762982512
6197043703086,31406,EAN13,TRUE,6190809607268,6198593896561
6191462995822,31407,EAN13,TRUE,6191366236207,6197752254642
6194870465899,31408,EAN13,TRUE,6197425636034,6195948905000
6193919682837,31409,EAN13,TRUE,6190187303635,6199698880613
6192465059281,31410,EAN13,TRUE,6199285000981,6197080834512
6190085091094,31411,EAN13,TRUE,6195500726661,6197211262111
6190303598015,31412,EAN13,TRUE,6191947793970,6196191939015
6190009363313,31413,EAN13,TRUE,6190281080094,6191672852894
6195172738373,31414,EAN13,TRUE,6196439017510,6191694276306
6194374439772,31415,EAN13,TRUE,6196773481695,6194308160910
6195590752968,31416,EAN13,TRUE,6197303236747,6195871080630
6195206717451,31417,EAN13,TRUE,6192125058993,6198053344429
6193712561276,31418,EAN13,TRUE,6199321631786,6193670153520
6194333304862,42205,EAN13,TRUE,6192539913613,6195239179215
6199622780345,42206,EAN13,TRUE,6191621022181,6195600603066
6199945760323,44310,EAN13,TRUE,6191787966268,6195560937261
6199070876386,31419,EAN13,TRUE,6192468307860,6198134195944
6199653433955,33746,EAN13,TRUE,6190160463620,6196930003616
6196487334171,33778,EAN13,TRUE,6190405325359,6195872413048
6195435025895,34654,EAN13,TRUE,6197555743727,6199242293274
6195587720367,34655,EAN13,TRUE,6194027621873,6195134982732
6193990359956,33714,EAN13,TRUE,6190292640102,6192459996237
6194102822023,31420,EAN13,TRUE,6199206538188,6198295821658
6198488348805,34793,EAN13,TRUE,6198835688051,6195857049169
6193731715513,31421,EAN13,TRUE,6191443130196,6193917999098
6195838029119,34842,EAN13,TRUE,6195474690184,6191539896335
6193064769391,31422,EAN13,TRUE,6194860198280,6197418160153
6198866315849,31423,EAN13,TRUE,6191601947615,6190058792850
6192502817702,34945,EAN13,TRUE,6191084606630,6199609444000
6193982083021,34946,EAN13,TRUE,6199563958438,6195540905547
6190266019482,31424,EAN13,TRUE,6196236588138,6193781101265
6195037483147,31425,EAN13,TRUE,6197643168027,6199140531739
6190928015614,31426,EAN13,TRUE,6195674031002,6195658243722
6197315758747,34948,EAN13,TRUE,6195432225670,6196226329800
6194758781901,34949,EAN13,TRUE,6191152136465,6193933885069
6197161869958,31429,EAN13,TRUE,6191454408075,6193949086359
6193785186653,34950,EAN13,TRUE,6195105028247,6198024542289
6191265232827,31430,EAN13,TRUE,6194775997305,6198083595002
6193636136194,31427,EAN13,TRUE,6199966151326,6194607905539
6199176972704,31428,EAN13,TRUE,6199821706012,6190014511710
6197472916040,34947,EAN13,TRUE,6197953722278,6194584023431
6192781088318,31431,EAN13,TRUE,6193344496443,6198543552556
6194560710276,31432,EAN13,TRUE,6192287310427,6199943129850
6197653123360,31433,EAN13,TRUE,6194926452598,6197650978398
6193175477226,45732,EAN13,TRUE,6193000245543,6197390730270
6190907559885,43991,EAN13,TRUE,6192614011779,6194908856046
6196797941917,31434,EAN13,TRUE,6192470277951,6191849420877
6193625953142,31435,EAN13,TRUE,6195379468112,6193603931926
6194794845890,31436,EAN13,TRUE,6193405296887,6192083651988
6196692871430,41380,EAN13,TRUE,6196932400424,6190873500771
6198270100774,38141,EAN13,TRUE,6198470016682,6198097707136
6197803150655,38142,EAN13,TRUE,6195732959264,6191515477152
6195310583131,31437,EAN13,TRUE,6198775916087,6193903806913
6192491443957,41372,EAN13,TRUE,6197788260174,6190946037142
6199892995564,41383,EAN13,TRUE,6199947264920,6199920838560
6192991285136,31438,EAN13,TRUE,6196895251455,6197609385781
6190311666825,41381,EAN13,TRUE,6197364815350,6197295935411
6195536794379,38140,EAN13,TRUE,6199483226464,6194944956919
6197853348778,38134,EAN13,TRUE,6190154430898,6194775912137
6192351006601,31439,EAN13,TRUE,6195675972919,6199585467691
6193561628238,31440,EAN13,TRUE,6193748991829,6195552619607
6194018351237,31441,EAN13,TRUE,6195778170874,6198511609419
6191885390732,31442,EAN13,TRUE,6199263117818,6193544059495
6194748445064,31443,EAN13,TRUE,6199306939852,6194556137078
6197026600311,36222,EAN13,TRUE,6190140748897,6199624113389
6193877187317,31444,EAN13,TRUE,6194539243673,6198459792051
6194433377971,33028,EAN13,TRUE,6192237065966,6193167400812
6197763274350,33029,EAN13,TRUE,6195082429963,6193709824236
6195640692622,33030,EAN13,TRUE,6197231463213,6198461708408
6193355398846,31445,EAN13,TRUE,6192782754612,6192949320227
6193095861888,33031,EAN13,TRUE,6190698143265,6192323787165
6194222119650,33032,EAN13,TRUE,6197002678945,6194820497103
6190622536691,33033,EAN13,TRUE,6191791827948,6193409519458
6195550618756,33034,EAN13,TRUE,6197872886330,6199931961059
6192308526394,33035,EAN13,TRUE,6197878099334,6196371529124
6198346049660,34884,EAN13,TRUE,6194015903437,6192062266305
6198592310301,33036,EAN13,TRUE,6190167812746,6194011704829
6196729307840,33037,EAN13,TRUE,6199616549543,6193987706181
6194110885337,33038,EAN13,TRUE,6193588715540,6191343176702
6193980495347,33039,EAN13,TRUE,6198413539153,6198840673886
6190330205102,33040,EAN13,TRUE,6192415354066,6199457288313
6195838254122,33041,EAN13,TRUE,6196958958037,6199599917379
6193919684978,33042,EAN13,TRUE,6193957930958,6197508907303
6197532934214,33043,EAN13,TRUE,6194680041436,6198049464470
6197960253129,34867,EAN13,TRUE,6194997427699,6192885061219
6198664784476,33044,EAN13,TRUE,6190630912832,6197523726376
6190868642374,33045,EAN13,TRUE,6190190245155,6199877376155
6194823720534,31446,EAN13,TRUE,6193387760655,6191859697113
6192992067917,33046,EAN13,TRUE,6199493894459,6196225930690
6199049047625,33047,EAN13,TRUE,6195273851252,6193098849425
6197932197565,34175,EAN13,TRUE,6196617487438,6195820604632
6194208648837,33048,EAN13,TRUE,6190164979077,6198653792336
6191579886158,33049,EAN13,TRUE,6198520747906,6199426827941
6192783479091,33050,EAN13,TRUE,6191677543432,6194203826050
6197744813963,33051,EAN13,TRUE,6197195256326,6199167704217
6199565542587,33052,EAN13,TRUE,6193521936672,6194026888569
6198862055383,31447,EAN13,TRUE,6192248925637,6199021081342
6199377651574,31448,EAN13,TRUE,6190864385268,6196576403490
6198268109833,33053,EAN13,TRUE,6197290272177,6193470232009
6198369771421,33054,EAN13,TRUE,6198106514085,6191188490283
6191923753985,31449,EAN13,TRUE,6197252099572,6196915593514
6198352518949,31450,EAN13,TRUE,6190429713541,6192555099764
6193479598768,42236,EAN13,TRUE,6197364829052,6197658123107
6192387424602,36225,EAN13,TRUE,6191590031391,6191794307533
6198702962587,44500,EAN13,TRUE,6199056408949,6192346139084
6193044076664,38100,EAN13,TRUE,6191636150594,6194865920611
6194082837473,45662,EAN13,TRUE,6198031359483,6197560641937
6195465561631,31451,EAN13,TRUE,6198034791626,6195370869309
6199931381101,31452,EAN13,TRUE,6193944560892,6198864865641
6190734570543,33559,EAN13,TRUE,6192612202058,6199337278490
6196373116243,31453,EAN13,TRUE,6193236665351,6191799011899
6199148031970,31454,EAN13,TRUE,6198179022171,6197435188536
6198623476866,31455,EAN13,TRUE,6197214952932,6196391428638
6194505914785,31456,EAN13,TRUE,6197756673410,6195753926067
6193211827064,31457,EAN13,TRUE,6192792594286,6190447494482
6193787364574,39479,EAN13,TRUE,6199861768568,6199323596645
6199955744041,39478,EAN13,TRUE,6192037776925,6194810894787
6197784196710,42481,EAN13,TRUE,6194991160039,6196863586183
6196967709628,39967,EAN13,TRUE,6199782865568,6197410399944
6199903397181,36219,EAN13,TRUE,6192121585763,6199807308540
6199254210566,40925,EAN13,TRUE,6195088418349,6190346468720
6194850460504,41177,EAN13,TRUE,6197247573274,6194982659966
6191848659649,41178,EAN13,TRUE,6194844027186,6191841059275
6190222212164,40900,EAN13,TRUE,6191918313853,6197352862452
6190299595917,41315,EAN13,TRUE,6194627109285,6190097130493
6192977481178,41309,EAN13,TRUE,6195159867986,6191708278867
6195240661527,31484,EAN13,TRUE,6199646076239,6196542642094
6198429117101,31485,EAN13,TRUE,6192041360253,6193624877429
6197545528129,31486,EAN13,TRUE,6194718480714,6198803273353
6191263233503,31487,EAN13,TRUE,6195528814580,6194598109242
6192976805478,31488,EAN13,TRUE,6192527483182,6190146232103
6191888181621,31489,EAN13,TRUE,6195126225809,6192364684764
6195530260913,34869,EAN13,TRUE,6199671020311,6192724869543
6198485883042,31490,EAN13,TRUE,6199735997377,6192478435135
6193122005519,31492,EAN13,TRUE,6192907001793,6194396208253
6198497702290,31491,EAN13,TRUE,6198132867807,6195960565859
6197825631921,31493,EAN13,TRUE,6191767288861,6190338748773
6198720705409,31494,EAN13,TRUE,6195074940124,6198301582155
6194655264196,31495,EAN13,TRUE,6195312289178,6195802435995
6192345748441,31496,EAN13,TRUE,6194887502985,6190961182834
6192107948887,31497,EAN13,TRUE,6198223143368,6196680722308
6193458804868,31498,EAN13,TRUE,6195293836428,6191039173354
6194847722431,31501,EAN13,TRUE,6198929624059,6195852352448
6190228053651,31502,EAN13,TRUE,6195185476127,6193099819768
6199305907865,31503,EAN13,TRUE,6193925401242,6195733247449
6198616170113,31504,EAN13,TRUE,6190606744306,6196085790065
6199119007052,31505,EAN13,TRUE,6197468881932,6191169932247
6190621931543,31506,EAN13,TRUE,6197878211273,6192757507535
6194025481952,34870,EAN13,TRUE,6196082463294,6193448684991
6192205137624,34873,EAN13,TRUE,6195393934709,6193995704629
6198665191293,31507,EAN13,TRUE,6199754359295,6199261276995
6195340070740,31499,EAN13,TRUE,6197146539647,6199660596386
6192540766631,31508,EAN13,TRUE,6199840972917,6191022575147
6192042482996,34875,EAN13,TRUE,6192302243860,6195135943563
6193836172631,31500,EAN13,TRUE,6191697153361,6198560056101
6190090296709,34871,EAN13,TRUE,6194866060332,6199661021524
6194894518814,34872,EAN13,TRUE,6196254768880,6192502679564
6193589214376,31509,EAN13,TRUE,6190136288671,6195832216865
6193458585121,31510,EAN13,TRUE,6198264287896,6192257280466
6192282681968,31511,EAN13,TRUE,6194306875203,6197200322718
6193959917410,31512,EAN13,TRUE,6196485435096,6193701503674
6191000424081,31513,EAN13,TRUE,6193377630504,6196118714121
6196030348066,31514,EAN13,TRUE,6197448790164,6195560562492
6191475567221,34876,EAN13,TRUE,6191406445516,6195187533824
6193895321094,31515,EAN13,TRUE,6194027536362,6198164537882
6196705471459,31516,EAN13,TRUE,6194444351465,6199410548724
6191646002870,31458,EAN13,TRUE,6196916441245,6194521425528
6192466126739,31459,EAN13,TRUE,6199222016640,6197435224069
6198621118302,31460,EAN13,TRUE,6198106026164,6199945149007
6194752857655,37135,EAN13,TRUE,6193737330536,6199358226678
6195262257201,45665,EAN13,TRUE,6198751486942,6192541478265
6197858061759,31461,EAN13,TRUE,6195723442364,6190945684615
6195589684379,31462,EAN13,TRUE,6199568041247,6196546927939
6196071993364,31463,EAN13,TRUE,6195783136351,6191189507049
6194428959984,31464,EAN13,TRUE,6196218677696,6192906099065
6192987981224,36682,EAN13,TRUE,6191664549199,6193292700225
6197139177759,31466,EAN13,TRUE,6191371926562,6194852725751
6194686056591,31467,EAN13,TRUE,6192963839633,6197927258206
6197727598951,35864,EAN13,TRUE,6192454723025,6198092086524
6194271149862,41384,EAN13,TRUE,6197253989175,6190112967833
6199428797699,41382,EAN13,TRUE,6194586872965,6198593431197
6192474144961,31465,EAN13,TRUE,6199277194319,6199126654034
6196862433981,38949,EAN13,TRUE,6198188848182,6193945798836
6198378458407,31468,EAN13,TRUE,6197697044401,6195643424341
6191735682251,31469,EAN13,TRUE,6191681306209,6194381072256
6197616068925,31470,EAN13,TRUE,6196565450906,6192132317830
6194775250000,31471,EAN13,TRUE,6193923439205,6193568378721
6195967638899,31472,EAN13,TRUE,6196404710837,6191276685636
6196447096442,36220,EAN13,TRUE,6193182272142,6198590834913
6193690860488,36221,EAN13,TRUE,6193502776389,6194883662368
6196212009972,38099,EAN13,TRUE,6199790467200,6198303844767
6190303261421,31473,EAN13,TRUE,6193412063816,6198757497436
6190548926657,31474,EAN13,TRUE,6193338387366,6197298363970
6194876181713,31475,EAN13,TRUE,6196554876348,6194837748388
6193429464518,31476,EAN13,TRUE,6195410107345,6198088137432
6195616580410,31477,EAN13,TRUE,6193526510451,6191334644247
6193859707287,31478,EAN13,TRUE,6194997457548,6190762706725
6192111447570,31479,EAN13,TRUE,6199790141597,6191254770446
6199013372328,31480,EAN13,TRUE,6190446896258,6191293484201
6197251947643,31481,EAN13,TRUE,6194980087730,6198746400568
6197510530362,31482,EAN13,TRUE,6193953444657,6195820480795
6192989534066,31483,EAN13,TRUE,6196354397810,6199415160099
6195827795623,31517,EAN13,TRUE,6192035386816,6190851112963
6195943486306,31518,EAN13,TRUE,6196230429921,6194530443845
6192220141684,31519,EAN13,TRUE,6195681941859,6195341217807
6194101816353,31520,EAN13,TRUE,6195409248929,6192039840066
6194962547511,31521,EAN13,TRUE,6196902759651,6191586297732
6195231846515,31522,EAN13,TRUE,6190639779629,6194473602031
6197459624098,31523,EAN13,TRUE,6193851080397,6199213117293
6197185029741,31524,EAN13,TRUE,6197679289675,6198189032724
6192670723384,31525,EAN13,TRUE,6191524936994,6196148686995
6191325924707,31526,EAN13,TRUE,6198507917366,6195135502737
6199310525948,31527,EAN13,TRUE,6191161415081,6196522250646
6192311363740,31528,EAN13,TRUE,6196353737020,6190165265193
6191713423993,31529,EAN13,TRUE,6194775140031,6190985514659
6193393119481,31530,EAN13,TRUE,6197771761888,6194760415302
6193864438187,31531,EAN13,TRUE,6195633872956,6191199891965
6198680700915,31532,EAN13,TRUE,6193251176966,6192244918523
6197840282773,31541,EAN13,TRUE,6199832123446,6194272310892
6196031925622,31542,EAN13,TRUE,6194168026883,6190182401941
6193829707891,31543,EAN13,TRUE,6199046225879,6197864156410
6194525436249,31544,EAN13,TRUE,6193791471172,6193513961752
6197148839921,31545,EAN13,TRUE,6196927967299,6191477422834
6197689116022,31546,EAN13,TRUE,6197901146479,6191283772903
6190651072236,31547,EAN13,TRUE,6191199084963,6194057669117
6193994523258,31548,EAN13,TRUE,6191339526380,6196525728528
6193047749248,31549,EAN13,TRUE,6194649385054,6196269190083
6193173071596,31550,EAN13,TRUE,6194127852221,6191712720288
6199773492148,31551,EAN13,TRUE,6193489083265,6194946648290
6196508145083,31552,EAN13,TRUE,6196625492976,6194570524669
6194454091359,37160,EAN13,TRUE,6193741470734,6195526967657
6192482973465,31553,EAN13,TRUE,6199252120038,6195182508124
6194246443447,31571,EAN13,TRUE,6198440206233,6193428573846
6192657515652,31572,EAN13,TRUE,6193880881200,6191894479013
6196862759223,31573,EAN13,TRUE,6194569718280,6192313519112
6196825349410,31574,EAN13,TRUE,6199446603808,6193623802075
6199193737737,31575,EAN13,TRUE,6191870661548,6196217156619
6197370575082,31576,EAN13,TRUE,6198665535284,6191799925963
6196190287243,31577,EAN13,TRUE,6191877084012,6199299201152
6198213436612,31578,EAN13,TRUE,6196340545599,6199900804097
6196643958519,31579,EAN13,TRUE,6198023108699,6194698769528
6190607224191,31580,EAN13,TRUE,6191346611996,6197909388293
6196004183105,44501,EAN13,TRUE,6196108323337,6195240932407
6199483477299,31581,EAN13,TRUE,6194299452326,6195995927635
6194787806653,31582,EAN13,TRUE,6195324190071,6199112151406
6191763932548,42560,EAN13,TRUE,6191460570610,6196836250866
6193173514277,31583,EAN13,TRUE,6196415924940,6194322665785
6197772651737,36659,EAN13,TRUE,6197908982597,6198023019182
6191275857582,31584,EAN13,TRUE,6192104050172,6193413740833
6193184852544,31586,EAN13,TRUE,6198564540486,6190748656725
6195491544262,31585,EAN13,TRUE,6199029472452,6197170791464
6196228137319,31587,EAN13,TRUE,6190197990616,6193392671249
6191741498228,34834,EAN13,TRUE,6197927890039,6195699681998
6195510489219,31588,EAN13,TRUE,6191177572165,6198173196942
6196143715353,31589,EAN13,TRUE,6193226630356,6193751318239
6197783056363,31590,EAN13,TRUE,6196945941417,6196780481116
6191358368273,34836,EAN13,TRUE,6198864223410,6193845739508
6196609198344,31591,EAN13,TRUE,6191312668272,6195370015041
6193924700854,31592,EAN13,TRUE,6197459631539,6190702635441
6199234390271,31593,EAN13,TRUE,6196668383259,6192693093556
6191245284488,31594,EAN13,TRUE,6191203585378,6194068963903
6194199407532,41894,EAN13,TRUE,6196886992259,6190656296789
6194867525243,44121,EAN13,TRUE,6198150923374,6195579136369
6190085199882,31554,EAN13,TRUE,6198118363165,6190359289187
6191980737023,31595,EAN13,TRUE,6199617765801,6191236704467
6199226197192,31556,EAN13,TRUE,6190987175117,6194508878837
6193942911597,31596,EAN13,TRUE,6198278344693,6190331257625
6199868991411,31555,EAN13,TRUE,6191993299833,6199881053677
6196121278683,31557,EAN13,TRUE,6198972934332,6193503141641
6195637833238,31597,EAN13,TRUE,6195052312000,6195666267912
6193303258202,31558,EAN13,TRUE,6193569505960,6198071401685
6190894011120,31560,EAN13,TRUE,6194741685238,6199631529676
6199267509053,31561,EAN13,TRUE,6192921258184,6190035812049
6199508302913,31562,EAN13,TRUE,6194092921212,6199254246701
6195385963089,31602,EAN13,TRUE,6193977613101,6194856366723
6199065130758,31598,EAN13,TRUE,6194548350258,6197528471550
6192176450865,38965,EAN13,TRUE,6199488907546,6193577494979
6191130913899,31559,EAN13,TRUE,6195315003755,6199148154776
6197540242561,31563,EAN13,TRUE,6193714607943,6191357573984
6197123818448,31599,EAN13,TRUE,6193480828425,6198378989235
6191443594136,31600,EAN13,TRUE,6199927376467,6199853369858
6193358119976,31601,EAN13,TRUE,6195834030719,6192627669062
6196955868414,31564,EAN13,TRUE,6192648358912,6198501633976
6198777895186,31565,EAN13,TRUE,6193415338252,6197570768288
6193412520296,31566,EAN13,TRUE,6199624314775,6193797259101
6199024750072,31567,EAN13,TRUE,6190547211123,6197268528561
6192730507015,31568,EAN13,TRUE,6198574430230,6196581987224
6191303965252,31569,EAN13,TRUE,6198427509502,6198125171809
6190891280039,31570,EAN13,TRUE,6198944069194,6196826769736
6197406532162,40680,EAN13,TRUE,6194068113784,6194383662169
6196060664147,34789,EAN13,TRUE,6196868191342,6196440114891
6198749669728,34018,EAN13,TRUE,6199068729836,6192786458716
6198123232920,34391,EAN13,TRUE,6193381586671,6194241829095
6198607749188,34392,EAN13,TRUE,6190292604100,6196931145645
6194798120151,34393,EAN13,TRUE,6191506625580,6195164873307
6197329729405,34394,EAN13,TRUE,6195825077569,6195991129226
6194593219766,34395,EAN13,TRUE,6198337888809,6197485584896
6193277285246,34455,EAN13,TRUE,6191528575205,6190462945697
6196312173195,34396,EAN13,TRUE,6191370751183,6196000752323
6194352822262,34397,EAN13,TRUE,6196643101892,6197709044863
6199960546540,34014,EAN13,TRUE,6199793022275,6190093965086
6199804124673,34398,EAN13,TRUE,6197321453269,6196652054037
6194839332464,34887,EAN13,TRUE,6194831495828,6199503401051
6196216409860,44486,EAN13,TRUE,6196855580087,6197983523434
6198324582039,34399,EAN13,TRUE,6191873473379,6192696569342
6190717579927,44490,EAN13,TRUE,6190565357304,6196379487532
6190577084571,34400,EAN13,TRUE,6191422543571,6195357126612
6198057024930,36094,EAN13,TRUE,6195193049663,6196072731637
6197845187552,34401,EAN13,TRUE,6197990297476,6191828608504
6196734012380,45733,EAN13,TRUE,6192168344329,6190988955079
6196862017826,34402,EAN13,TRUE,6193087510794,6198475322913
6191366147639,35578,EAN13,TRUE,6199888652893,6193154102424
6194284360793,35579,EAN13,TRUE,6192753517534,6191198834608
6190617405193,42440,EAN13,TRUE,6192798557065,6199294303507
6196250555905,35595,EAN13,TRUE,6198832558768,6193174730173
6196640550787,35596,EAN13,TRUE,6191377139061,6195775578419
6190023426441,35597,EAN13,TRUE,6198698297665,6191794764233
6193821999964,35598,EAN13,TRUE,6191014516264,6194280142782
6191258624349,35582,EAN13,TRUE,6193593278991,6194066968728
6190740705043,35583,EAN13,TRUE,6197180436201,6190903013835
6194225953949,35602,EAN13,TRUE,6195604787223,6195606309694
6197834576820,35576,EAN13,TRUE,6193209506016,6193070499989
6197769100190,35577,EAN13,TRUE,6199989389760,6195375352992
6198713372212,44489,EAN13,TRUE,6191117478980,6195070273529
6198871819589,35590,EAN13,TRUE,6197176054754,6199738674264
6195931495383,44485,EAN13,TRUE,6191249201979,6198961632881
6197469185172,35589,EAN13,TRUE,6198562387032,6199989931129
6193993397142,35591,EAN13,TRUE,6191268424818,6194203157039
6192026404493,35594,EAN13,TRUE,6198273496593,6197842048508
6197489203847,41173,EAN13,TRUE,6195085033402,6197105456299
6192230894864,35592,EAN13,TRUE,6198503138642,6191816142829
6196794471523,35584,EAN13,TRUE,6197940261218,6192183668019
6193700262877,35586,EAN13,TRUE,6199076569406,6192769732356
6192421855283,35585,EAN13,TRUE,6199662272684,6194737034659
6195829129897,35587,EAN13,TRUE,6190842054180,6197385121122
6190240927570,43623,EAN13,TRUE,6190145205236,6190298876587
6197851905560,35603,EAN13,TRUE,6196499067704,6195655289699
6190049950887,44628,EAN13,TRUE,6196071508272,6192052700527
6195332049222,35588,EAN13,TRUE,6191795729909,6191646651782
6196605185591,43622,EAN13,TRUE,6194865944639,6190467848098
6197831245293,35574,EAN13,TRUE,6197975365826,6195142629500
6194366506592,35575,EAN13,TRUE,6197712421169,6196821020827
6195132354555,35593,EAN13,TRUE,6191209245135,6191370103766
6194848242321,35834,EAN13,TRUE,6194271501017,6191249062538
6197676315429,44641,EAN13,TRUE,6197226514683,6198770911157
6193468256246,44333,EAN13,TRUE,6191840308280,6194584841280
6198717008704,35580,EAN13,TRUE,6197112895292,6197982889209
6199827895017,35581,EAN13,TRUE,6199473815968,6192616589256
6196588780639,34888,EAN13,TRUE,6191733872647,6194810670026
6199862341942,37103,EAN13,TRUE,6198959225156,6190201178485
6199513094647,34016,EAN13,TRUE,6197276809212,6194087044740
6198600109257,39007,EAN13,TRUE,6199416666004,6198875242387
6191325064272,34403,EAN13,TRUE,6191436345462,6193200069512
6192805442582,34015,EAN13,TRUE,6198047995958,6196477935175
6196437712116,39006,EAN13,TRUE,6194958975249,6194749727071
6191667107471,34404,EAN13,TRUE,6195921281514,6192013960634
6193001072120,34019,EAN13,TRUE,6196956650247,6192987691826
6195631875612,40588,EAN13,TRUE,6192392627823,6191718409402
6194433982083,34405,EAN13,TRUE,6196301894654,6197030700399
6199704511191,34406,EAN13,TRUE,6194363974817,6196609760901
6193330280711,44434,EAN13,TRUE,6198544902837,6194128760422
6198178455637,41760,EAN13,TRUE,6199018867751,6198661954968
6194385270582,34970,EAN13,TRUE,6196275142971,6191771965426
6191509194045,34013,EAN13,TRUE,6199099330742,6199967517705
6192728153635,34407,EAN13,TRUE,6198229666588,6196368700695
6197210311049,34408,EAN13,TRUE,6196272711099,6197213617847
6193336031968,34409,EAN13,TRUE,6194137162482,6199253015609
6196466030793,34017,EAN13,TRUE,6199128158145,6197690597250
6199259168073,34410,EAN13,TRUE,6196294717688,6193884456853
6195444075740,31630,EAN13,TRUE,6194279539344,6197211688142
6198134642460,31631,EAN13,TRUE,6198692972621,6199823604037
6196767947969,31633,EAN13,TRUE,6190358286457,6192518976848
6192932207265,31632,EAN13,TRUE,6198631338002,6195961397653
6192157367838,31635,EAN13,TRUE,6192918147240,6194588074318
6198481645277,31634,EAN13,TRUE,6199305151147,6190594820572
6195818880594,31637,EAN13,TRUE,6191449736549,6192353262496
6194404934642,31636,EAN13,TRUE,6190571866919,6191211649538
6199384388506,36753,EAN13,TRUE,6197493202085,6191820245983
6194992875031,40907,EAN13,TRUE,6196129101244,6190824469962
6198929818649,31626,EAN13,TRUE,6191608430530,6195533451084
6192178852313,31641,EAN13,TRUE,6191164354897,6192877274207
6195519436593,34894,EAN13,TRUE,6196654065851,6191289238438
6199382183147,31642,EAN13,TRUE,6192024972936,6190845721061
6191134246528,31628,EAN13,TRUE,6197317593454,6195149633070
6197495341388,31643,EAN13,TRUE,6194564329647,6195132394243
6196539419539,31629,EAN13,TRUE,6195666277812,6194021021053
6191089458366,31644,EAN13,TRUE,6195314437885,6191325707173
6193535816630,31645,EAN13,TRUE,6197322978899,6192496409815
6196598041335,31638,EAN13,TRUE,6199190979022,6193201009535
6197166739397,31640,EAN13,TRUE,6191608700882,6194623189140
6196254864494,31639,EAN13,TRUE,6198788384808,6192367521785
6196541731744,31646,EAN13,TRUE,6190592060884,6195728741066
6197206223686,31647,EAN13,TRUE,6193664580635,6195718026560
6193033206913,31649,EAN13,TRUE,6199884632721,6190512023775
6192796072773,31650,EAN13,TRUE,6197120644462,6192801970476
6190091562821,31651,EAN13,TRUE,6196772147129,6199640041833
6190484198680,31652,EAN13,TRUE,6192282655839,6197573463533
6194030344451,31653,EAN13,TRUE,6197202851977,6196177740178
6196345972460,31654,EAN13,TRUE,6199784009573,6199524163253
6196613775681,31655,EAN13,TRUE,6190354154938,6194482337449
6191069195885,31656,EAN13,TRUE,6193222275489,6197070508867
6197919205078,31657,EAN13,TRUE,6199168062686,6199084767094
6195746849900,31658,EAN13,TRUE,6194164784174,6199665096456
6192166801495,31659,EAN13,TRUE,6191676441322,6193812828789
6195822647127,31660,EAN13,TRUE,6197633359347,6193031040562
6197613674910,31661,EAN13,TRUE,6191019285484,6198583957508
6191504498405,31662,EAN13,TRUE,6198143800686,6195392889387
6198584304730,31663,EAN13,TRUE,6191459612901,6198218303063
6199484098239,31664,EAN13,TRUE,6195603032287,6191089954091
6193664230970,31665,EAN13,TRUE,6197447455015,6193734503609
6193001913410,31666,EAN13,TRUE,6190043804799,6190269119066
6199955315052,31667,EAN13,TRUE,6197801928210,6191829607283
6190770178981,31668,EAN13,TRUE,6191540960751,6197985414990
6195699215661,31669,EAN13,TRUE,6190052578984,6193765712238
6191054180393,31670,EAN13,TRUE,6193411924990,6199579944269
6192632522668,34885,EAN13,TRUE,6196379608162,6194886263238
6198782431511,31671,EAN13,TRUE,6194837931854,6194939465909
6192034691368,42242,EAN13,TRUE,6194829158003,6191618874098
6195307629567,31672,EAN13,TRUE,6199494239844,6197578507595
6194647552069,31673,EAN13,TRUE,6198410812578,6194819113135
6193334243967,42243,EAN13,TRUE,6197973596398,6190583855183
6191800144419,31708,EAN13,TRUE,6195518295801,6195085892762
6194305313609,39048,EAN13,TRUE,6197588269560,6196264584746
6196319661981,31709,EAN13,TRUE,6198287952546,6198980084809
6191090984946,31710,EAN13,TRUE,6196809610929,6193536723470
6191361756308,31711,EAN13,TRUE,6194625507155,6194117204054
6197340244750,31712,EAN13,TRUE,6195422682964,6195650824646
6199190526185,31713,EAN13,TRUE,6191071165531,6199498764676
6194607456848,31714,EAN13,TRUE,6194652350191,6192458774753
6195335447939,31715,EAN13,TRUE,6193342136006,6194320953288
6197672476476,31716,EAN13,TRUE,6192290823125,6190584592759
6198176907394,31717,EAN13,TRUE,6197803779089,6193759723631
6195986169664,31718,EAN13,TRUE,6192152644149,6199379691114
6197635233849,31719,EAN13,TRUE,6194867233722,6199024198485
6196421676220,31720,EAN13,TRUE,6198763366119,6191068222508
6191474276678,31674,EAN13,TRUE,6198231529776,6195565372645
6194086606570,31675,EAN13,TRUE,6193644173428,6191255783988
6190742835728,31721,EAN13,TRUE,6194905338123,6198670843415
6195708910349,31722,EAN13,TRUE,6191599983936,6193363471463
6195514385221,31676,EAN13,TRUE,6196615577250,6195258680439
6198271889531,31677,EAN13,TRUE,6191139198794,6191179576402
6192668214999,31678,EAN13,TRUE,6193340549589,6191267604833
6193096277068,31679,EAN13,TRUE,6197508630243,6199457476732
6193290645951,31680,EAN13,TRUE,6191882052318,6194728404537
6195286017681,34883,EAN13,TRUE,6194865391758,6191222683848
6195899375222,31681,EAN13,TRUE,6193654069595,6190765180715
6199204263226,33448,EAN13,TRUE,6196731547982,6191504730462
6194072244203,31682,EAN13,TRUE,6195552477719,6198964719048
6199466579572,31683,EAN13,TRUE,6193723232909,6190213447290
6195479092484,31684,EAN13,TRUE,6190969871217,6195972150711
6193360504441,31685,EAN13,TRUE,6196237918664,6191989477373
6190576995997,31686,EAN13,TRUE,6196673732769,6198104633571
6194657890667,31687,EAN13,TRUE,6191472583194,6191591159269
6192664611352,31688,EAN13,TRUE,6197832429050,6198252906624
6190476614402,31689,EAN13,TRUE,6191540843588,6194838890749
6197476442570,31691,EAN13,TRUE,6197246270495,6197026608979
6198370626394,31692,EAN13,TRUE,6191199265036,6190808393030
6194713596816,31690,EAN13,TRUE,6195865309039,6197588310961
6196521199269,31693,EAN13,TRUE,6191685155825,6199284868740
6190835407746,31694,EAN13,TRUE,6198620709790,6190441183186
6193263662846,31695,EAN13,TRUE,6199721855375,6192460122449
6192599941212,31696,EAN13,TRUE,6198537107656,6198299546746
6191126553779,31697,EAN13,TRUE,6192417188111,6197650520915
6195814987507,31648,EAN13,TRUE,6191636635217,6198933979585
6199244729588,31698,EAN13,TRUE,6197359281498,6194658485815
6193297963528,31699,EAN13,TRUE,6196204779340,6191966388247
6197702752495,31700,EAN13,TRUE,6199154216448,6191105442405
6191765852079,31701,EAN13,TRUE,6192060956130,6192220494911
6199513123134,31702,EAN13,TRUE,6192442004811,6196460414850
6194382148185,31703,EAN13,TRUE,6198369348986,6198209979208
6198978079646,36256,EAN13,TRUE,6197142264550,6194886040822
6199042463356,31705,EAN13,TRUE,6192495174107,6195442223592
6195647206008,31704,EAN13,TRUE,6197647287296,6192391342332
6196588285268,31706,EAN13,TRUE,6197124287405,6194862793247
6191823423661,31707,EAN13,TRUE,6199081474874,6198764490617
6196296553516,41063,EAN13,TRUE,6197195972105,6192351516515
6197800318896,41062,EAN13,TRUE,6191272576844,6192918815138
6195093695076,41061,EAN13,TRUE,6193611797080,6198789828628
6192442487458,41064,EAN13,TRUE,6197729114319,6198537022966
6192072994948,41092,EAN13,TRUE,6199292309242,6198618636394
6199846584741,41093,EAN13,TRUE,6197777214878,6191002090091
6194297784133,44399,EAN13,TRUE,6195579227236,6191577048523
6190585398877,41058,EAN13,TRUE,6196387694997,6191187059803
6199535906362,41059,EAN13,TRUE,6197243804103,6193142392592
6191608556157,40970,EAN13,TRUE,6191302026501,6193822313736
6195638457178,40971,EAN13,TRUE,6194000722412,6194279057804
6198501954684,41057,EAN13,TRUE,6196535238787,6196061550407
6192677886734,44405,EAN13,TRUE,6196718852858,6194507308933
6195371073671,41060,EAN13,TRUE,6199827414496,6193295294558
6195373035073,40969,EAN13,TRUE,6190713939316,6194088971672
6190421373125,41056,EAN13,TRUE,6191589064968,6192635246088
6197082716335,44398,EAN13,TRUE,6192469682537,6192347369062
6195124397555,44403,EAN13,TRUE,6193915211394,6199344581499
6196265739680,44400,EAN13,TRUE,6190960169058,6199421013543
6191111651262,44404,EAN13,TRUE,6196793039296,6198434638583
6190844127824,44402,EAN13,TRUE,6195292560306,6194400126388
6199212143352,44401,EAN13,TRUE,6192953683840,6199464550023
6191388276155,45483,EAN13,TRUE,6195334139626,6197897335060
6192445605338,33635,EAN13,TRUE,6190337299207,6199242082030
6197301603990,33636,EAN13,TRUE,6196744524875,6193974128824
6199004602519,33637,EAN13,TRUE,6196719249501,6193798462155
6194910413631,33638,EAN13,TRUE,6194359338744,6198917144310
6196299668989,45484,EAN13,TRUE,6190711260878,6196688309848
6194378939650,33639,EAN13,TRUE,6198417717041,6191235474125
6190211616805,33640,EAN13,TRUE,6197007935526,6195165423242
6199562108294,33641,EAN13,TRUE,6199926805430,6198869260391
6195622983353,33642,EAN13,TRUE,6199606919381,6194780571776
6195228724107,44447,EAN13,TRUE,6191851647097,6199736228900
6198848571159,44450,EAN13,TRUE,6199498903026,6193465230371
6196949994392,44449,EAN13,TRUE,6195589171787,6193447544164
6199266756779,36238,EAN13,TRUE,6193618492306,6198446730501
6191233249561,36239,EAN13,TRUE,6199409171757,6190502270435
6199075565616,36240,EAN13,TRUE,6198229774443,6197432103914
6195641507604,36241,EAN13,TRUE,6190322374902,6198015408062
6191571051589,44435,EAN13,TRUE,6196562568240,6194418040825
6195351899354,44440,EAN13,TRUE,6197695998940,6195764443630
6195642684830,44439,EAN13,TRUE,6195628368893,6190769440183
6198832264249,44436,EAN13,TRUE,6197943592100,6191283555971
6198223863815,44441,EAN13,TRUE,6198040866240,6198204308760
6194569361471,44438,EAN13,TRUE,6197685201508,6191170242919
6198451706526,33643,EAN13,TRUE,6194525212348,6198998664576
6192114806048,33644,EAN13,TRUE,6192396009618,6197980822927
6196896195907,33645,EAN13,TRUE,6190604474120,6198531113099
6198899987389,33646,EAN13,TRUE,6196562552656,6197949426359
6192487994694,33647,EAN13,TRUE,6193877667284,6193768330178
6199057235207,33648,EAN13,TRUE,6196829528389,6198438045879
6192237213642,33649,EAN13,TRUE,6193041286330,6196944695821
6195986009788,33650,EAN13,TRUE,6199291126314,6197023166782
6194455810238,33651,EAN13,TRUE,6192820262776,6199945909506
6190618556379,33652,EAN13,TRUE,6193392489019,6193600347728
6192397260030,33653,EAN13,TRUE,6196452797493,6197559533508
6198896231483,33654,EAN13,TRUE,6199265663968,6194138823207
6197306913926,39948,EAN13,TRUE,6190434290044,6194304570562
6199047314888,39951,EAN13,TRUE,6190277391896,6194426883766
6191426426722,39942,EAN13,TRUE,6190284145347,6191311611064
6193264643981,39949,EAN13,TRUE,6192988699551,6196634134922
6192207735448,39940,EAN13,TRUE,6192421197514,6193793890609
6197463466783,42580,EAN13,TRUE,6194093997179,6192566888711
6197048527199,39946,EAN13,TRUE,6194421540556,6197473775088
6196880086015,39945,EAN13,TRUE,6194309260156,6190290575248
6192375647440,39943,EAN13,TRUE,6193155430333,6190018057025
6191155551328,39944,EAN13,TRUE,6194020014010,6199461531559
6198681070592,43772,EAN13,TRUE,6199414828451,6195991093666
6191597536707,39947,EAN13,TRUE,6192835363741,6198931066504
6195390385957,39950,EAN13,TRUE,6193905032044,6193832651644
6190820601001,41924,EAN13,TRUE,6198306406814,6196288334712
6197251637843,39952,EAN13,TRUE,6199995990497,6193056042457
6191657754164,33655,EAN13,TRUE,6198390404417,6193893930834
6193401843304,33656,EAN13,TRUE,6194048306702,6191592789702
6196972386281,33657,EAN13,TRUE,6195061138428,6193033956902
6190461216677,33658,EAN13,TRUE,6199518332694,6193528066431
6198757371660,33659,EAN13,TRUE,6195999633178,6194501871482
6191108648329,33660,EAN13,TRUE,6193931504629,6192482453387
6196071437673,33661,EAN13,TRUE,6190044646305,6199847208529
6191850215350,33662,EAN13,TRUE,6193817211504,6191781699948
6191435881347,33663,EAN13,TRUE,6192404349651,6199416162720
6194309963989,33665,EAN13,TRUE,6192952289063,6190766371615
6197541325418,33664,EAN13,TRUE,6194988925296,6192429526262
6195146387231,33666,EAN13,TRUE,6193969240016,6194400457437
6191771427768,33667,EAN13,TRUE,6192894859713,6191907056767
6195893782749,33668,EAN13,TRUE,6191961897546,6197109437690
6199803979137,33669,EAN13,TRUE,6197448530003,6198983167255
6199815460456,33670,EAN13,TRUE,6199448602779,6193856943222
6198595902680,33671,EAN13,TRUE,6191515236209,6197323647394
6191485889450,33672,EAN13,TRUE,6198028179018,6199581780169
6195128055648,33673,EAN13,TRUE,6198071017839,6199162778794
6191315249050,33674,EAN13,TRUE,6193018946373,6199933857884
6196048074698,33675,EAN13,TRUE,6197790847231,6191349640157
6196536418982,33676,EAN13,TRUE,6196302969982,6199060557835
6194798521527,33677,EAN13,TRUE,6191160423506,6191602938137
6197491227619,33678,EAN13,TRUE,6193439601613,6198200007076
6199649176293,33679,EAN13,TRUE,6198884177924,6190338916745
6193456987200,33680,EAN13,TRUE,6191008858293,6194670857102
6190990841469,33738,EAN13,TRUE,6192560613285,6196471855637
6195027449171,33739,EAN13,TRUE,6195096461522,6190766329603
6192441971215,33740,EAN13,TRUE,6197215825936,6199244954573
6199783825071,33741,EAN13,TRUE,6190649712580,6195429896113
6199048971015,33681,EAN13,TRUE,6192395802665,6199011878475
6192172655718,33682,EAN13,TRUE,6195852373007,6196378613990
6195402140691,33742,EAN13,TRUE,6196927824772,6194171052727
6194631578774,33743,EAN13,TRUE,6193277918353,6198351643105
6190337519624,33744,EAN13,TRUE,6190952304735,6191067753144
6193729857597,33745,EAN13,TRUE,6194038847963,6198452228043
6194114026853,33683,EAN13,TRUE,6191877417186,6196123121042
6190240900050,33684,EAN13,TRUE,6197096903947,6194982395509
6192336163596,33685,EAN13,TRUE,6190763701471,6198885947472
6191131689980,33686,EAN13,TRUE,6196733220070,6191202593060
6191804864353,33687,EAN13,TRUE,6195099755361,6190053398756
6197094570833,33688,EAN13,TRUE,6198164635661,6198460288022
6190211965534,33689,EAN13,TRUE,6199715952367,6195767678556
6193275956881,33690,EAN13,TRUE,6194076928312,6192829125405
6197382078485,39954,EAN13,TRUE,6191395203403,6195356338609
6197822730018,39958,EAN13,TRUE,6198691848530,6194238405947
6198135752579,39955,EAN13,TRUE,6195505351310,6191127578146
6194410463552,39959,EAN13,TRUE,6191800810831,6195490387226
6194246841700,39953,EAN13,TRUE,6197884757864,6198647134337
6197542290216,39957,EAN13,TRUE,6197106345529,6192961584447
6193088334793,39956,EAN13,TRUE,6195316299243,6197172610765
6191842724206,39960,EAN13,TRUE,6194279901718,6194535949812
6194810509393,39941,EAN13,TRUE,6198812958243,6196307879000
6193994522347,40413,EAN13,TRUE,6196720212947,6198069474882
6197798749421,33691,EAN13,TRUE,6191985121218,6190053049939
6193619659500,33692,EAN13,TRUE,6197448800744,6195789180585
6198340815919,33696,EAN13,TRUE,6192241211234,6191378624937
6197749294543,33694,EAN13,TRUE,6199726837356,6197602600788
6199748067791,33695,EAN13,TRUE,6196800512615,6192899905831
6199001649883,33697,EAN13,TRUE,6198270999442,6197357833826
6196342547883,33698,EAN13,TRUE,6192747861328,6190311112014
6194111518441,33699,EAN13,TRUE,6199352750234,6196114418159
6197041366960,33700,EAN13,TRUE,6195500877956,6191381238420
6190761505785,33701,EAN13,TRUE,6198800477417,6195182740818
6192719427723,33702,EAN13,TRUE,6192482331641,6191098837945
6199840091346,44437,EAN13,TRUE,6193829011998,6194259491541
6190672384330,33703,EAN13,TRUE,6194465793578,6191950933790
6197517510358,33704,EAN13,TRUE,6190264431848,6196679633503
6191510004234,33705,EAN13,TRUE,6190479755977,6199364970770
6191429019611,33706,EAN13,TRUE,6196820490108,6198990551267
6191744904933,31723,EAN13,TRUE,6198301488318,6194788115664
6197609506223,34837,EAN13,TRUE,6196008561125,6198340895571
6194107552828,31724,EAN13,TRUE,6194097318334,6192838103186
6196028065443,31725,EAN13,TRUE,6192566639018,6197652491680
6195651478453,31726,EAN13,TRUE,6197118658736,6196160287121
6193611909834,31727,EAN13,TRUE,6190135765775,6193800722914
6193584359124,36520,EAN13,TRUE,6192760794061,6195959828035
6190388802030,31728,EAN13,TRUE,6196685227570,6192853842923
6190353848942,31729,EAN13,TRUE,6195285138048,6198339007550
6193812097884,31730,EAN13,TRUE,6192561788276,6199354451452
6190473661436,31731,EAN13,TRUE,6194201124666,6194577656781
6192140085185,31732,EAN13,TRUE,6197863763286,6191881383372
6191984355827,34838,EAN13,TRUE,6191747291098,6192234897027
6196387210306,31733,EAN13,TRUE,6199652044408,6197250335513
6192635738765,31734,EAN13,TRUE,6191296867566,6199843233642
6194614964576,31735,EAN13,TRUE,6190464872216,6194549170604
6193375877077,31736,EAN13,TRUE,6193771713557,6199221530480
6197149360631,31737,EAN13,TRUE,6196489570333,6193457553268
6191120517182,31738,EAN13,TRUE,6192782479085,6199297283231
6195647479154,31739,EAN13,TRUE,6198400356231,6196959536805
6197971341235,31740,EAN13,TRUE,6194661943319,6199951965576
6191215126105,41562,EAN13,TRUE,6199362081276,6193328600790
6196416208681,31741,EAN13,TRUE,6198950120812,6197445437398
6192463483749,31742,EAN13,TRUE,6191855222160,6194754164823
6195039462591,31743,EAN13,TRUE,6193440332135,6199432330826
6190487041125,33067,EAN13,TRUE,6191529751909,6192635221937
6198836351039,31744,EAN13,TRUE,6198920042058,6197455288339
6198029857159,31745,EAN13,TRUE,6192125269012,6192063205851
6199063454496,31746,EAN13,TRUE,6197659343212,6190142786697
6195220776885,33068,EAN13,TRUE,6199476756578,6198488667126
6197415725126,31747,EAN13,TRUE,6192706809440,6199157304823
6190451846798,31748,EAN13,TRUE,6198600886842,6198840060754
6197390681415,31749,EAN13,TRUE,6198635973238,6191400685079
6193830709798,31750,EAN13,TRUE,6193449279307,6198158593328
6199787125845,31751,EAN13,TRUE,6193776537642,6191471284366
6197667111830,31752,EAN13,TRUE,6192519777518,6193704497444
6198047923021,31753,EAN13,TRUE,6199194321737,6195064823420
6199657304369,31754,EAN13,TRUE,6199663555797,6193993956963
6197587299917,31755,EAN13,TRUE,6199498441252,6190030841985
6190831734554,34839,EAN13,TRUE,6199901602812,6192209999280
6192202363079,31756,EAN13,TRUE,6192051432601,6197430047076
6196558157621,35983,EAN13,TRUE,6193991522160,6194350474177
6199802743836,31757,EAN13,TRUE,6195950368770,6192887124886
6194039416751,35984,EAN13,TRUE,6191890951768,6199121664470
6192289866115,41239,EAN13,TRUE,6192748472714,6191877267040
6197838153478,38152,EAN13,TRUE,6193951407032,6194776174567
6199236450300,31758,EAN13,TRUE,6195290601201,6196983785619
6199929799237,42600,EAN13,TRUE,6196271019523,6190443636576
6198013501347,42599,EAN13,TRUE,6190004977069,6195424766181
6193420751040,42598,EAN13,TRUE,6198287924871,6190778908342
6195082080904,44012,EAN13,TRUE,6198981030036,6191023149037
6191025799243,44013,EAN13,TRUE,6191404843079,6195682761506
6199956818750,42607,EAN13,TRUE,6192019246031,6191637090828
6197748192877,41731,EAN13,TRUE,6191599955818,6198712327756
6197149086854,45204,EAN13,TRUE,6195988438957,6199201383547
6192896011098,45210,EAN13,TRUE,6193606033483,6191706823593
6192723656605,45205,EAN13,TRUE,6193202707005,6192479074685
6195914867909,45211,EAN13,TRUE,6196570144993,6191361696440
6194863456820,45206,EAN13,TRUE,6191257959947,6198134970105
6197591279132,45212,EAN13,TRUE,6192323030252,6197648744336
6190967429232,45207,EAN13,TRUE,6196734399298,6192096016705
6194623089965,45213,EAN13,TRUE,6195375280686,6192994573379
6196587169750,45208,EAN13,TRUE,6194624713281,6196060636728
6197948228237,45214,EAN13,TRUE,6198964106314,6193936978111
6197442132225,45209,EAN13,TRUE,6197014586504,6195276504656
6196869828531,45215,EAN13,TRUE,6193347301562,6197132170331
6194545619530,36079,EAN13,TRUE,6199744846057,6199555236128
6195005428246,36080,EAN13,TRUE,6190311717855,6194312761530
6193839015708,38153,EAN13,TRUE,6190427409644,6199005390082
6193367097029,36641,EAN13,TRUE,6194990356541,6193553886244
6191973082934,43694,EAN13,TRUE,6192537920406,6192235741831
6198386152058,36081,EAN13,TRUE,6197668763357,6193393398884
6190040547158,35840,EAN13,TRUE,6190211324366,6192463275803
6194571748901,35912,EAN13,TRUE,6192377619797,6198476997671
6193336857807,36077,EAN13,TRUE,6192516654119,6191271305878
6197863095121,36078,EAN13,TRUE,6198515492437,6191002615076
6196664396750,42572,EAN13,TRUE,6194288553036,6193881855196
6190110533182,38086,EAN13,TRUE,6193592103186,6198339136375
6197450269126,38087,EAN13,TRUE,6198967130729,6193682375602
6198661095690,38088,EAN13,TRUE,6192103190729,6199387891171
6192062006819,38092,EAN13,TRUE,6194505982670,6195480271874
6192932920269,38089,EAN13,TRUE,6199607151018,6196841831911
6199006350319,38090,EAN13,TRUE,6196405647051,6190614249514
6197632673806,38091,EAN13,TRUE,6198327632122,6197194656121
6193132610897,38056,EAN13,TRUE,6191683852766,6191410687562
6190853890153,38044,EAN13,TRUE,6195152572609,6197295892462
6198839595591,38057,EAN13,TRUE,6196066038177,6198310149493
6191420267446,38045,EAN13,TRUE,6192902221550,6199570802012
6199732716762,38052,EAN13,TRUE,6196485172188,6196782070783
6191242652271,38040,EAN13,TRUE,6193465941246,6192461641118
6196209749159,38058,EAN13,TRUE,6196028285843,6194077410971
6191704377443,38046,EAN13,TRUE,6193371327121,6196230982536
6196208976923,38059,EAN13,TRUE,6195281834542,6199481363983
6195826625169,38047,EAN13,TRUE,6191632872023,6197301213849
6194204635057,38053,EAN13,TRUE,6196393722732,6191691677850
6192160339950,38041,EAN13,TRUE,6195934400702,6191406451757
6195565123021,38060,EAN13,TRUE,6197672909567,6194772812605
6196178347491,38048,EAN13,TRUE,6197541895494,6193615060337
6190232839377,45185,EAN13,TRUE,6195168205887,6197000557666
6198019297075,38061,EAN13,TRUE,6195701404502,6190494361160
6192760192102,38049,EAN13,TRUE,6196748243686,6191224580466
6197578474303,38054,EAN13,TRUE,6190118728102,6190148691124
6191152429754,38042,EAN13,TRUE,6193510041011,6196696069130
6197772934834,38062,EAN13,TRUE,6194760189896,6196782659377
6190581492962,38050,EAN13,TRUE,6197214609456,6199897460896
6198720371099,38063,EAN13,TRUE,6195283676155,6190703614348
6193359955542,38051,EAN13,TRUE,6194130207980,6191360834025
6198882250296,38055,EAN13,TRUE,6199115013471,6198986736773
6194466452562,38043,EAN13,TRUE,6191628133909,6191074297840
6195613295441,38078,EAN13,TRUE,6190221976034,6191129821565
6196173539051,38067,EAN13,TRUE,6199584430098,6196745601117
6191634185091,45190,EAN13,TRUE,6191415849079,6194632928602
6199219352825,38079,EAN13,TRUE,6195998152904,6192363179964
6190195731541,38068,EAN13,TRUE,6194121866709,6199072582038
6190332131175,38080,EAN13,TRUE,6192743006668,6198061409998
6191523999668,38069,EAN13,TRUE,6198416426522,6190566885716
6196357169494,45187,EAN13,TRUE,6192025873119,6190036814026
6190810349917,38081,EAN13,TRUE,6190447596328,6193029370150
6193872364674,38070,EAN13,TRUE,6191723037926,6193314991774
6194928253469,38075,EAN13,TRUE,6197220776643,6195545197514
6190241517237,38064,EAN13,TRUE,6192101345459,6194793252659
6194087903513,38082,EAN13,TRUE,6192939841794,6196415728753
6199853485509,38071,EAN13,TRUE,6195654053316,6194704895025
6197417977097,45186,EAN13,TRUE,6192863470691,6193000455982
6196045895887,38083,EAN13,TRUE,6196021003860,6196848546809
6191348167408,38072,EAN13,TRUE,6198555376694,6196222170987
6193045553902,38076,EAN13,TRUE,6196834778517,6195351861740
6193796925739,38065,EAN13,TRUE,6191523472444,6199551361046
6196254313325,38084,EAN13,TRUE,6199515641795,6196308119589
6191801785781,38073,EAN13,TRUE,6197032748597,6197718649253
6194199532555,45188,EAN13,TRUE,6192437456524,6198981367815
6198480683368,38085,EAN13,TRUE,6198865475773,6192718299220
6190654327623,38074,EAN13,TRUE,6195032619206,6194607899432
6190508915114,38077,EAN13,TRUE,6192559667864,6191845567903
6193227746706,38066,EAN13,TRUE,6199775490029,6190183314129
6193473653160,44638,EAN13,TRUE,6193180410605,6192025370825
6196127635358,44637,EAN13,TRUE,6197914198542,6195053909070
6199523539644,44432,EAN13,TRUE,6194660900627,6191842368976
6198483944507,42452,EAN13,TRUE,6199658461166,6197173919025
6190406986148,39030,EAN13,TRUE,6198151202904,6196747373953
6197400516977,41710,EAN13,TRUE,6191874651929,6192540293409
6192228081315,31373,EAN13,TRUE,6195569769706,6193071694013
6192876892714,36622,EAN13,TRUE,6191963863978,6194558482316
6195619598687,39031,EAN13,TRUE,6194794727114,6195642445772
6192833608464,41681,EAN13,TRUE,6197419006311,6194945042772
6190123278373,39032,EAN13,TRUE,6199648527427,6192904623479
6199890351553,41706,EAN13,TRUE,6192280593933,6191065951636
6199616259385,41707,EAN13,TRUE,6196570248800,6190804045773
6196467353178,41708,EAN13,TRUE,6193333374066,6195555570035
6199083792923,41709,EAN13,TRUE,6198591481462,6198687937493
6190443139055,31382,EAN13,TRUE,6196548550254,6199960334042
6198917654738,36223,EAN13,TRUE,6195103827848,6198955338531
6194476001516,36621,EAN13,TRUE,6197851607835,6196898172803
6193164384939,39033,EAN13,TRUE,6199492327312,6193289554255
6192224731546,39034,EAN13,TRUE,6192044969596,6195258419187
6199617395198,45189,EAN13,TRUE,6198971358395,6193576808078
6199234602857,39035,EAN13,TRUE,6195057959985,6190254341218
6198878355965,39036,EAN13,TRUE,6198600642345,6193570977297
6193683851604,39037,EAN13,TRUE,6199446121997,6190546515952
6195911817523,39038,EAN13,TRUE,6198729043524,6198665209608
6199623721589,39054,EAN13,TRUE,6197138347351,6197790146707
6194975193879,39055,EAN13,TRUE,6199586169972,6191334129386
6197263664822,39056,EAN13,TRUE,6199975938231,6191277115161
6190473652696,39057,EAN13,TRUE,6197257430686,6191746981839
6192125119106,39058,EAN13,TRUE,6193068641154,6190266845744
6192705651509,39076,EAN13,TRUE,6190866630904,6192325545703
6199444012525,39077,EAN13,TRUE,6197359459327,6196973301667
6197502935872,39078,EAN13,TRUE,6190339837931,6196371588738
6190588754232,39079,EAN13,TRUE,6198754670287,6192777011285
6197730257771,39080,EAN13,TRUE,6196819557346,6199611597156
6190413016368,41703,EAN13,TRUE,6194801740660,6192480854838
6193741418594,41704,EAN13,TRUE,6190752814991,6194428873082
6191950123010,41705,EAN13,TRUE,6191084056002,6190667360761
6194771899829,38963,EAN13,TRUE,6196261404263,6191997090726
6198505955113,42091,EAN13,TRUE,6195890680981,6199500705886
6196276259339,35996,EAN13,TRUE,6194335303919,6199434825869
6194467265556,35997,EAN13,TRUE,6195919384678,6198706398601
6196915472479,38101,EAN13,TRUE,6193883120410,6194937872178
6199260804700,35998,EAN13,TRUE,6199974433845,6196865362000
6191595983558,35999,EAN13,TRUE,6193563599310,6193357107691
6194047378085,37150,EAN13,TRUE,6193335150965,6198389275697
6193643045623,36000,EAN13,TRUE,6193392231209,6198344356593
6197838365338,38103,EAN13,TRUE,6192279587228,6191197571544
6194723035253,35987,EAN13,TRUE,6198672398502,6194101787486
6193519214090,38102,EAN13,TRUE,6191795219749,6197911315102
6198858461231,38104,EAN13,TRUE,6195214521965,6190091869098
6191543132003,35995,EAN13,TRUE,6197449652551,6195438597904
6193334768998,38094,EAN13,TRUE,6198883893900,6194655407320
6197519142373,38095,EAN13,TRUE,6197552940240,6191137980173
6197615753646,38093,EAN13,TRUE,6192110307567,6199426235177
6193754508790,42239,EAN13,TRUE,6194651809423,6194676905845
6193965748149,42240,EAN13,TRUE,6190601007741,6193039560390
6196777733462,36085,EAN13,TRUE,6195814352330,6199124836218
6191022587470,31759,EAN13,TRUE,6194815882936,6199748062477
6195571487559,31760,EAN13,TRUE,6197760385558,6196933943555
6198220269407,32482,EAN13,TRUE,6198412411258,6191744822790
6199580520427,35923,EAN13,TRUE,6197838524162,6199110606975
6192454747283,31761,EAN13,TRUE,6198997732603,6196699989279
6194075530998,31762,EAN13,TRUE,6190290684810,6195522970167
6191081698232,31763,EAN13,TRUE,6191886885264,6196950155643
6191749357592,31764,EAN13,TRUE,6196205191080,6194992713917
6195447578363,31765,EAN13,TRUE,6196171174887,6190858089983
6198058657683,35922,EAN13,TRUE,6192073131315,6193510302976
6198888103440,31766,EAN13,TRUE,6190035371694,6194883634879
6199815340754,31767,EAN13,TRUE,6199970540688,6197183856673
6191699551211,31768,EAN13,TRUE,6197515774679,6190387758981
6199582925291,34982,EAN13,TRUE,6193738180929,6191578973387
6194024552165,31769,EAN13,TRUE,6191354408005,6193433849886
6194182368572,31770,EAN13,TRUE,6194279658995,6197132898729
6195864081862,31771,EAN13,TRUE,6191583184455,6199102542991
6193895431638,38711,EAN13,TRUE,6192332347835,6198436992166
6196258900305,42211,EAN13,TRUE,6195797361477,6194156839752
6199727346347,42212,EAN13,TRUE,6197641943293,6191964773830
6191691857216,42208,EAN13,TRUE,6199906141857,6191506832375
6193632086411,42209,EAN13,TRUE,6191347451258,6198563249535
6193544119195,42210,EAN13,TRUE,6195270948371,6199146060394
6198557582800,38719,EAN13,TRUE,6192586251456,6199405383354
6194347626497,38717,EAN13,TRUE,6197117065753,6192441012965
6199915143051,38718,EAN13,TRUE,6192842458092,6196237813785
6191389674983,38720,EAN13,TRUE,6198874490880,6198609888773
6193542357001,34637,EAN13,TRUE,6193906421324,6197247684978
6199413289062,31772,EAN13,TRUE,6193348462851,6199940134161
6194711572469,31773,EAN13,TRUE,6197086866443,6193300309833
6199872496612,33827,EAN13,TRUE,6191657871708,6192693722676
6196530875811,45644,EAN13,TRUE,6195171467098,6193347685677
6197520333139,44103,EAN13,TRUE,6192925320601,6195821741772
6191231057090,44100,EAN13,TRUE,6194719160330,6198389624246
6197110498712,44104,EAN13,TRUE,6198609044768,6190789833503
6194470427378,44105,EAN13,TRUE,6194229368228,6195558193572
6192284640345,44101,EAN13,TRUE,6199016236887,6195407103622
6198580593220,44102,EAN13,TRUE,6196314846259,6191652907266
6192300221545,43768,EAN13,TRUE,6194649916331,6199218861380
6197659805314,43788,EAN13,TRUE,6196434750124,6194347007850
6198753606841,43923,EAN13,TRUE,6190707415958,6194639758437
6197664824243,43771,EAN13,TRUE,6191400004654,6197678967819
6194486146890,43826,EAN13,TRUE,6195690663254,6195209531232
6190925978613,44725,EAN13,TRUE,6198420792529,6192323447911
6191965184398,42570,EAN13,TRUE,6191058217084,6190257155074
6198587605959,42571,EAN13,TRUE,6192746217229,6194022683106
6197198026656,42615,EAN13,TRUE,6197867261111,6196096520295
6190050557190,44728,EAN13,TRUE,6190649536670,6196339097023
6195460082315,42616,EAN13,TRUE,6198983867647,6199524804271
6199763357527,42663,EAN13,TRUE,6195501118179,6194446752701
6196584695768,42617,EAN13,TRUE,6193173956349,6198552663076
6198465831883,44727,EAN13,TRUE,6193860374340,6191012761134
6192654705166,44065,EAN13,TRUE,6192279065267,6194569383941
6199763930834,44064,EAN13,TRUE,6195423706775,6191368675604
6197370444180,45642,EAN13,TRUE,6190367150808,6190660245409
6195389065552,39971,EAN13,TRUE,6192776450502,6199778710890
6190555160976,39972,EAN13,TRUE,6198072912221,6196445133183
6190981211736,41207,EAN13,TRUE,6196526347375,6195206483439
6195909334647,39969,EAN13,TRUE,6192815653974,6193725974629
6190023530568,39970,EAN13,TRUE,6196551130236,6190105022585
6199943532124,41596,EAN13,TRUE,6194460494672,6199713208970
6190741186139,41600,EAN13,TRUE,6198118672753,6195069024945
6190349154077,41601,EAN13,TRUE,6193253587519,6199111429328
6192950872106,41597,EAN13,TRUE,6197141680919,6192132517360
6199741394809,41602,EAN13,TRUE,6192863373741,6191276514329
6190598426019,41598,EAN13,TRUE,6190501662170,6196216888702
6196140783487,45480,EAN13,TRUE,6194702711428,6197862997479
6195997720115,45479,EAN13,TRUE,6199271813412,6198729489814
6192761410360,41599,EAN13,TRUE,6194428545134,6197410394204
6192545436443,38911,EAN13,TRUE,6192124955990,6194233088879
6198870196490,38748,EAN13,TRUE,6196289688753,6197116686841
6190933148086,38912,EAN13,TRUE,6196084292885,6196924036118
6194144635658,38913,EAN13,TRUE,6194704399512,6199690243816
6194092541371,38909,EAN13,TRUE,6198225941588,6197876446741
6191654578819,38910,EAN13,TRUE,6197871121096,6195081733850
6190669555585,34795,EAN13,TRUE,6194333490822,6191540560171
6198096127342,39906,EAN13,TRUE,6199380781237,6191870002125
6191951380171,39907,EAN13,TRUE,6191193768762,6198665791923
6199508963459,41669,EAN13,TRUE,6193110173507,6198654432574
6198063054172,39908,EAN13,TRUE,6195899055656,6197972572878
6196280394107,39905,EAN13,TRUE,6197862908110,6190427009930
6195067048321,39910,EAN13,TRUE,6194349731261,6194533584806
6197990497322,39911,EAN13,TRUE,6190537637067,6193943423497
6196329144322,39912,EAN13,TRUE,6198114329491,6199135255756
6190547956448,39909,EAN13,TRUE,6191304215330,6195144556040
6199213307771,39914,EAN13,TRUE,6194686003951,6196843842683
6198072835959,39915,EAN13,TRUE,6197636648589,6197862601837
6196724959675,39916,EAN13,TRUE,6198901299099,6192735119587
6198843192902,39913,EAN13,TRUE,6198736286561,6190441693489
6191534039564,33478,EAN13,TRUE,6195003639954,6195799197876
6191598703634,33479,EAN13,TRUE,6192490364352,6197493096563
6194782549993,33480,EAN13,TRUE,6194665133239,6199828295825
6191325223723,33446,EAN13,TRUE,6190018791138,6191225811169
6194162787344,33447,EAN13,TRUE,6197430819701,6192232159668
6198632906244,33473,EAN13,TRUE,6192942400852,6198764196304
6193015872873,33474,EAN13,TRUE,6190008050731,6190214397239
6196801285310,33475,EAN13,TRUE,6194596695471,6194227756696
6192353974050,33476,EAN13,TRUE,6196329605902,6197863072193
6190580519208,33477,EAN13,TRUE,6192735756032,6199030785617
6199881028556,32112,EAN13,TRUE,6193707278123,6193943429932
6198163982261,32123,EAN13,TRUE,6196752504423,6196277830867
6195542525196,31774,EAN13,TRUE,6193693970704,6197219449354
6191041722144,32124,EAN13,TRUE,6196393383375,6199277993826
6190621985191,32125,EAN13,TRUE,6192402386454,6195407860897
6193231444504,32126,EAN13,TRUE,6193852579986,6190582695450
6191115649405,31775,EAN13,TRUE,6192054528352,6190787390837
6196755615766,31776,EAN13,TRUE,6192223460076,6199100417488
6193300681524,31777,EAN13,TRUE,6198485921096,6195911268912
6196142368088,31778,EAN13,TRUE,6192025674776,6197830775034
6194256144855,32127,EAN13,TRUE,6192067308624,6196968431122
6197437065284,31779,EAN13,TRUE,6195380416647,6191250968593
6192238645413,31780,EAN13,TRUE,6193902284877,6193486579974
6195691427969,38618,EAN13,TRUE,6190125821124,6196172744522
6198076279957,31781,EAN13,TRUE,6198728623819,6192211686510
6197082185517,39891,EAN13,TRUE,6191433710197,6190322948594
6191611845927,32128,EAN13,TRUE,6198627134108,6191858240866
6199256612494,32129,EAN13,TRUE,6196883522891,6196609362596
6190854134249,38999,EAN13,TRUE,6190159309867,6191105798599
6193221893172,32130,EAN13,TRUE,6193452885038,6198325331177
6195841722924,32131,EAN13,TRUE,6191159064501,6199864067309
6195126152363,32132,EAN13,TRUE,6193156244362,6193491204755
6194475604574,42565,EAN13,TRUE,6196778802963,6197845772758
6196732310330,42566,EAN13,TRUE,6192846214803,6195459398432
6199943830549,38616,EAN13,TRUE,6192396489823,6195094093886
6190640595023,38617,EAN13,TRUE,6192048820444,6195568895378
6191950504288,38615,EAN13,TRUE,6191404212349,6199108536895
6191321295078,42055,EAN13,TRUE,6194258163960,6194764671191
6199895150047,38614,EAN13,TRUE,6193378071267,6199057463703
6193620496952,39892,EAN13,TRUE,6194032292338,6192250726358
6197666082841,44755,EAN13,TRUE,6194267751590,6192016622735
6195731904823,44756,EAN13,TRUE,6198911926396,6193530497607
6190202388849,31783,EAN13,TRUE,6195928332093,6199238535881
6196232985175,31784,EAN13,TRUE,6191808619414,6199263563947
6196171407721,31785,EAN13,TRUE,6198975167870,6195358868557
6196710411187,31787,EAN13,TRUE,6191728242639,6196249367304
6197149056215,42442,EAN13,TRUE,6190153017414,6190200498443
6190343236005,37151,EAN13,TRUE,6190584361779,6194472034792
6190650896921,45413,EAN13,TRUE,6191852790314,6197219295805
6195613255717,44754,EAN13,TRUE,6196613101743,6194752149194
6198515065598,33720,EAN13,TRUE,6193490072210,6199276629137
6191845533623,43975,EAN13,TRUE,6194223481819,6196796977605
6198528083293,31782,EAN13,TRUE,6195696122315,6190299179472
6199288976065,31786,EAN13,TRUE,6192447575554,6192108604263
6191002029002,39009,EAN13,TRUE,6196796597366,6199313679310
6195248990656,31788,EAN13,TRUE,6194576484691,6193960231796
6197557153760,31789,EAN13,TRUE,6197579792206,6195602810314
6198170540090,31790,EAN13,TRUE,6193298253066,6191981722541
6199158599880,37146,EAN13,TRUE,6195474243427,6193753919883
6193473616381,37145,EAN13,TRUE,6191179774402,6194826453369
6195982583714,37128,EAN13,TRUE,6199824756294,6194651301666
6190880828310,41937,EAN13,TRUE,6196007487455,6195198905744
6193895343500,41940,EAN13,TRUE,6198698872989,6194221683538
6198142101746,41388,EAN13,TRUE,6195425347664,6191180614009
6195299734399,44430,EAN13,TRUE,6196816136568,6195754081361
6194046826859,44431,EAN13,TRUE,6193363164040,6191490408523
6197091280373,41075,EAN13,TRUE,6192951442416,6197435097298
6193602270411,38391,EAN13,TRUE,6190119636039,6190327131463
6194995347812,36521,EAN13,TRUE,6196958372909,6195662389702
6194817173629,44714,EAN13,TRUE,6192334028129,6191605887214
6191437376274,39039,EAN13,TRUE,6191342213194,6190397305609
6194974622116,38208,EAN13,TRUE,6190520838288,6199535152642
6192943511526,42249,EAN13,TRUE,6193179643614,6194761352116
6191816032276,43910,EAN13,TRUE,6198269450901,6197565021378
6196661273360,43918,EAN13,TRUE,6192694773330,6198056668861
6195020597293,43921,EAN13,TRUE,6195476235796,6194130932660
6197886507120,43914,EAN13,TRUE,6196481612244,6195471944853
6199252146595,43909,EAN13,TRUE,6194959449927,6191616396675
6193586811318,41176,EAN13,TRUE,6194440097082,6192303828570
6193686654349,41311,EAN13,TRUE,6198943813598,6197382865702
6194273430795,41678,EAN13,TRUE,6191869433578,6193017653254
6196894695120,40923,EAN13,TRUE,6193749945386,6193959864376
6190820381277,40922,EAN13,TRUE,6193510805215,6193331616320
6190155704055,45216,EAN13,TRUE,6195362282505,6197573908203
6191229784951,41308,EAN13,TRUE,6194518742407,6190847091867
6193500302612,41355,EAN13,TRUE,6195698891321,6195799287823
6195282542666,44397,EAN13,TRUE,6193790282243,6190433897293
6199516299030,41175,EAN13,TRUE,6190730868015,6192596903770
6195339091659,42618,EAN13,TRUE,6198363603571,6195221433710
6193362211952,40676,EAN13,TRUE,6195891058994,6196740999390
6196529874968,40905,EAN13,TRUE,6192332738569,6191738495656
6191447742175,40663,EAN13,TRUE,6190184804364,6191870192136
6191603555764,40906,EAN13,TRUE,6196051964601,6190997684234
6199464399732,40677,EAN13,TRUE,6199222923261,6190688633954
6193123865574,40675,EAN13,TRUE,6194358265016,6198730998840
6192056714582,41304,EAN13,TRUE,6196504735356,6195740583464
6196735647606,41307,EAN13,TRUE,6199628473456,6190109889270
6196255038227,44419,EAN13,TRUE,6192803984507,6192913288728
6199002312782,40738,EAN13,TRUE,6197911953391,6194072571772
6194673492182,31793,EAN13,TRUE,6198852391134,6194365601854
6198525497671,31804,EAN13,TRUE,6192198246662,6197684942459
6196016291674,31794,EAN13,TRUE,6196994782399,6191502703464
6197440786730,31805,EAN13,TRUE,6190647290242,6199984909897
6193431872853,31806,EAN13,TRUE,6199448288904,6198724760787
6197727146527,40365,EAN13,TRUE,6196272523795,6197533310420
6193655943319,31807,EAN13,TRUE,6196075082994,6196920403224
6197728067324,31795,EAN13,TRUE,6195508150208,6194846705428
6195958103708,31808,EAN13,TRUE,6190980321805,6191400561928
6196994042653,31809,EAN13,TRUE,6198033126153,6191911807177
6190025746622,31836,EAN13,TRUE,6197798701582,6195991699211
6198764702220,31796,EAN13,TRUE,6199481904142,6199699415106
6197404674473,31811,EAN13,TRUE,6193374534865,6195047169592
6197938139767,31812,EAN13,TRUE,6191601018418,6192085290499
6194567644963,31813,EAN13,TRUE,6198939697382,6197469192668
6197198446036,31815,EAN13,TRUE,6195929226276,6198112140492
6192458932694,31814,EAN13,TRUE,6195938424977,6198160399840
6192281465512,31816,EAN13,TRUE,6195395677279,6190452639502
6196558318107,44396,EAN13,TRUE,6196103709763,6198032234871
6193539862451,31810,EAN13,TRUE,6198136812780,6192922049079
6197647027694,36681,EAN13,TRUE,6190146433359,6195518929397
6192652320943,44521,EAN13,TRUE,6195019899672,6196165382281
6196999151947,45664,EAN13,TRUE,6192755846908,6195410605306
6190728426056,31817,EAN13,TRUE,6191509611108,6194441578663
6194930885085,31797,EAN13,TRUE,6195820263967,6197662813410
6194148464058,31818,EAN13,TRUE,6192844078164,6194271777674
6195621841111,31819,EAN13,TRUE,6190103913423,6195352790209
6195118078367,31820,EAN13,TRUE,6194585937423,6192006699358
6192368904392,44535,EAN13,TRUE,6199685449559,6192103193665
6191468894473,45416,EAN13,TRUE,6192795861073,6192837338138
6199094742386,45648,EAN13,TRUE,6199739346137,6194597292730
6198284301149,31798,EAN13,TRUE,6192183719067,6198135124217
6196441337930,31821,EAN13,TRUE,6193350923841,6197051015986
6192729763341,31827,EAN13,TRUE,6193451086393,6193809376134
6195411335495,34868,EAN13,TRUE,6190909107640,6190833329976
6193409310547,31799,EAN13,TRUE,6197050965347,6195518892534
6197558304538,31822,EAN13,TRUE,6191772661192,6192159240003
6194426816463,31824,EAN13,TRUE,6195209007504,6193954495047
6194869369526,31823,EAN13,TRUE,6197556354344,6195323704044
6194263969580,36680,EAN13,TRUE,6190630984219,6196431790389
6197884822946,31825,EAN13,TRUE,6192595086465,6191933492180
6197471175567,31834,EAN13,TRUE,6193821206688,6194368672765
6199819880232,31833,EAN13,TRUE,6193860166006,6199357044280
6197208289516,31800,EAN13,TRUE,6198194564263,6192863370984
6199290842017,31792,EAN13,TRUE,6199273914061,6194094329995
6193708713100,31801,EAN13,TRUE,6190515719217,6194118401955
6199133530875,31826,EAN13,TRUE,6192551949513,6192933078129
6195562079729,31802,EAN13,TRUE,6190053762872,6199033028027
6192271957704,31830,EAN13,TRUE,6190667444090,6193610184234
6195426598919,31831,EAN13,TRUE,6195733144896,6198154814427
6198740270567,31828,EAN13,TRUE,6197041011875,6192335987193
6199984461236,31829,EAN13,TRUE,6192702620906,6193809457369
6195732453955,31832,EAN13,TRUE,6192300245961,6198087043996
6193167436932,44421,EAN13,TRUE,6191904694052,6190795902169
6196229415481,31835,EAN13,TRUE,6196300138074,6193417466744
6192428797003,31791,EAN13,TRUE,6193239576687,6199832383640
6191573193922,31803,EAN13,TRUE,6198772450775,6196193258224
6190897954279,31837,EAN13,TRUE,6198739154272,6194843483145
6193392389755,43916,EAN13,TRUE,6198116433822,6193479887042
6199519807867,31839,EAN13,TRUE,6199967860953,6197373143459
6196066885025,31840,EAN13,TRUE,6199403858696,6193149994618
6198381206521,31841,EAN13,TRUE,6192245447785,6194224229322
6197668363148,31842,EAN13,TRUE,6193066347193,6199562186450
6198757273809,31878,EAN13,TRUE,6196854181153,6195261896155
6196065854082,31843,EAN13,TRUE,6197419422917,6193735589059
6199821581981,31880,EAN13,TRUE,6199237286456,6194683153811
6197330393428,31881,EAN13,TRUE,6196148370456,6199044532261
6198979982125,31892,EAN13,TRUE,6196989573496,6198389257202
6195572870941,31893,EAN13,TRUE,6199350222490,6195735239611
6190505535351,31844,EAN13,TRUE,6195956323849,6197913624369
6193968364285,40364,EAN13,TRUE,6190580648713,6196315088807
6199339006976,31882,EAN13,TRUE,6195720681500,6190411768634
6195500855820,31894,EAN13,TRUE,6198370677334,6198783804769
6198026138594,31895,EAN13,TRUE,6193096201205,6198069703997
6196087270088,31919,EAN13,TRUE,6199990363023,6199029169479
6195597276670,31883,EAN13,TRUE,6194477262831,6190067696512
6196693857260,31896,EAN13,TRUE,6195157933300,6199933534442
6190555389030,42308,EAN13,TRUE,6196114849322,6198526786396
6198383736637,31897,EAN13,TRUE,6198289117217,6191049533421
6193183362336,31900,EAN13,TRUE,6192812472703,6198637379913
6194184431942,31898,EAN13,TRUE,6199373691307,6191116402962
6199062469516,31901,EAN13,TRUE,6190470968888,6198153109993
6191752662193,31899,EAN13,TRUE,6195753895572,6196744571837
6193437460924,41667,EAN13,TRUE,6192535321151,6191433161470
6199491562796,31902,EAN13,TRUE,6199042901449,6192423008296
6198732679125,31884,EAN13,TRUE,6199109282210,6199898368203
6196198592497,31885,EAN13,TRUE,6190572253176,6190466777915
6192243381759,31903,EAN13,TRUE,6195155476458,6191475646032
6192102335291,31904,EAN13,TRUE,6197339075093,6199294553856
6193537520861,31886,EAN13,TRUE,6198583528087,6195457746787
6191705128163,31905,EAN13,TRUE,6191797311087,6192621650451
6195729671092,31911,EAN13,TRUE,6197837019353,6190909460381
6194428310954,31912,EAN13,TRUE,6195823962795,6191799741200
6191131115069,31887,EAN13,TRUE,6190266493055,6194188965827
6192190395236,31906,EAN13,TRUE,6197845858191,6199093501038
6197538708985,31908,EAN13,TRUE,6195762427896,6193880329357
6191805887591,31907,EAN13,TRUE,6193767381564,6192068910842
6194914269977,31909,EAN13,TRUE,6195460752344,6199322684484
6191831927454,31888,EAN13,TRUE,6199214085900,6198597908174
6191496308155,41574,EAN13,TRUE,6194795972827,6193513300687
6195761829510,31879,EAN13,TRUE,6197154333792,6195566314666
6192380043116,31845,EAN13,TRUE,6194757681561,6195246280962
6199434274737,31889,EAN13,TRUE,6198879254733,6197127594759
6194495956475,31910,EAN13,TRUE,6193502598374,6193894534938
6197925742774,31846,EAN13,TRUE,6190147388296,6190592912754
6197931311946,31890,EAN13,TRUE,6192838751956,6196493163042
6195244528211,31913,EAN13,TRUE,6198777433676,6193242989623
6198840177744,31914,EAN13,TRUE,6199995445818,6190960844663
6191378501919,31978,EAN13,TRUE,6196408680826,6197599588717
6192398143077,31979,EAN13,TRUE,6193174726499,6197076639770
6192869477137,31915,EAN13,TRUE,6190432559411,6194691087984
6197323246858,31917,EAN13,TRUE,6196946496905,6195369892897
6198459403582,31916,EAN13,TRUE,6198713609152,6193555854771
6197454910398,31918,EAN13,TRUE,6190819227609,6196946453937
6199800600166,42309,EAN13,TRUE,6192521407825,6196458487303
6195023729121,31980,EAN13,TRUE,6194468748694,6197701677939
6198332696513,31847,EAN13,TRUE,6191771592965,6196360754034
6199928234247,34877,EAN13,TRUE,6195005581439,6197979228338
6195192267819,31891,EAN13,TRUE,6191062719093,6197285971210
6190428301288,31920,EAN13,TRUE,6192979282058,6199826188743
6196170527736,31848,EAN13,TRUE,6193739355089,6195028139086
6191234997346,31849,EAN13,TRUE,6197531414290,6192720131293
6199587369728,44504,EAN13,TRUE,6198083857601,6199249703974
6198164426106,31850,EAN13,TRUE,6195588785963,6199044992728
6190001362318,31851,EAN13,TRUE,6191085151650,6196308703157
6190758138954,31852,EAN13,TRUE,6193436573975,6192410354061
6198873604893,31921,EAN13,TRUE,6191077310452,6191171096496
6198584100772,31853,EAN13,TRUE,6193535995645,6193922192273
6195763549380,31854,EAN13,TRUE,6194935002191,6191519997371
6198788486692,41670,EAN13,TRUE,6195509888335,6198309041627
6191368581828,31855,EAN13,TRUE,6198119323580,6196155262614
6193753793832,41664,EAN13,TRUE,6192542689530,6193416983688
6194762635964,44418,EAN13,TRUE,6192466046521,6198620711999
6191454056890,45666,EAN13,TRUE,6198863079265,6197015318706
6197305195611,31856,EAN13,TRUE,6199194514054,6192784736489
6193614126733,31922,EAN13,TRUE,6199331069094,6191678934659
6198851144520,31857,EAN13,TRUE,6190304881879,6198107837600
6190812778885,31858,EAN13,TRUE,6197591823216,6197511908579
6194041027046,31859,EAN13,TRUE,6195005703934,6196658464069
6192171578625,31924,EAN13,TRUE,6198073463874,6194268911825
6191079953482,31860,EAN13,TRUE,6191767283626,6199709783906
6192485263828,31862,EAN13,TRUE,6198268327749,6197215370409
6196249195433,31864,EAN13,TRUE,6198467178593,6191296855969
6199468426292,31863,EAN13,TRUE,6198397519903,6194922837339
6192687723966,31861,EAN13,TRUE,6197765997561,6197797123866
6199041868129,31923,EAN13,TRUE,6191032589909,6195634659325
6199983571952,31865,EAN13,TRUE,6190934827621,6198251210283
6198239815712,41665,EAN13,TRUE,6196619434607,6196475552589
6195353569952,31838,EAN13,TRUE,6195090029333,6195394154160
6190219428835,31866,EAN13,TRUE,6192382897593,6196971735240
6196314832335,31867,EAN13,TRUE,6198030284650,6193182492694
6199684031900,31868,EAN13,TRUE,6194340460722,6193356906457
6196619358246,31869,EAN13,TRUE,6192237824138,6192883430044
6192206931966,31870,EAN13,TRUE,6199132334715,6194063149942
6197704460428,44512,EAN13,TRUE,6195677191846,6195778751703
6198731454219,31871,EAN13,TRUE,6190239370147,6198484671811
6196538831956,31872,EAN13,TRUE,6193518716768,6194871768030
6193245945693,31925,EAN13,TRUE,6197663900777,6198168057922
6194516588063,31926,EAN13,TRUE,6190574395245,6195977450078
6199054456146,31873,EAN13,TRUE,6192928118858,6193788502454
6194760651250,31874,EAN13,TRUE,6196321819527,6197153003973
6195134157150,43703,EAN13,TRUE,6190261602083,6193984540876
6198347713452,31927,EAN13,TRUE,6198733851036,6190274491830
6194819655880,31875,EAN13,TRUE,6197030176592,6197222833748
6195375947408,31928,EAN13,TRUE,6193037939578,6195886117804
6199943560729,31876,EAN13,TRUE,6190395427785,6194386797776
6193889437570,31877,EAN13,TRUE,6190752215783,6193286156353
6192800300360,43920,EAN13,TRUE,6190892242276,6193630064956
6198724648315,31930,EAN13,TRUE,6199772904673,6197195565835
6197179208134,31931,EAN13,TRUE,6191870122562,6195348054942
6198442159027,31932,EAN13,TRUE,6197437756146,6195209716550
6198612979729,31933,EAN13,TRUE,6192735131659,6198801588330
6198374854092,31934,EAN13,TRUE,6191844769081,6195331095224
6197035267437,34575,EAN13,TRUE,6195389942491,6193949008500
6193064887022,31935,EAN13,TRUE,6190050681567,6199265538282
6197106752376,31936,EAN13,TRUE,6195903715804,6194617816942
6199337450331,31937,EAN13,TRUE,6192593442843,6195005376590
6191604901881,31938,EAN13,TRUE,6196774465621,6197175523318
6198166954834,31971,EAN13,TRUE,6190355437689,6196498683277
6190534045098,31939,EAN13,TRUE,6198525137122,6194891804701
6191757077196,31940,EAN13,TRUE,6197093585397,6191670517119
6198988889547,31941,EAN13,TRUE,6192779247556,6191235191611
6191204097287,44052,EAN13,TRUE,6196375043561,6190515948943
6195529806232,31942,EAN13,TRUE,6193682594304,6191733820112
6197240539624,31943,EAN13,TRUE,6192886374341,6190062900872
6190653969680,36679,EAN13,TRUE,6190458150441,6198616514645
6190288164395,31944,EAN13,TRUE,6192644472746,6198470465365
6192343826019,31945,EAN13,TRUE,6195095062874,6191294230999
6198721011316,44068,EAN13,TRUE,6190321778420,6194522292936
6192284971768,31946,EAN13,TRUE,6197130906802,6192004309567
6190883804630,31947,EAN13,TRUE,6192066084523,6199486963609
6191874002239,31948,EAN13,TRUE,6194347510123,6196044868831
6191754892433,31972,EAN13,TRUE,6198973578896,6195890806215
6198092502679,31949,EAN13,TRUE,6199188187406,6194286523059
6197510476611,31950,EAN13,TRUE,6192378349655,6194903989561
6191726897268,31951,EAN13,TRUE,6199823064080,6195421952820
6194588965232,31952,EAN13,TRUE,6199880689147,6196619689793
6195959250207,31953,EAN13,TRUE,6199222995189,6193903671566
6198844505088,31954,EAN13,TRUE,6190313970193,6197301912579
6195461309839,31955,EAN13,TRUE,6193129674938,6193639761593
6191826466287,31956,EAN13,TRUE,6195482056570,6192024670393
6199199577085,31957,EAN13,TRUE,6191770637173,6199978248546
6192711639359,36678,EAN13,TRUE,6194936147932,6196305830511
6197789146057,34794,EAN13,TRUE,6198658266030,6199188539052
6194880825179,31958,EAN13,TRUE,6191906846312,6198193663187
6193287175230,31959,EAN13,TRUE,6196252346310,6196037562346
6199091002630,41385,EAN13,TRUE,6194154920120,6192956760478
6196941374750,31929,EAN13,TRUE,6199461864077,6196826590969
6199051720059,31960,EAN13,TRUE,6198683917127,6196055369503
6198916207676,31961,EAN13,TRUE,6192874023833,6199504830791
6192608725242,31962,EAN13,TRUE,6197767998290,6190935026131
6199618380582,31963,EAN13,TRUE,6190045961399,6192025135912
6197006714555,31964,EAN13,TRUE,6197796026140,6192133825600
6196520294877,31965,EAN13,TRUE,6194148273094,6196796684617
6194520780835,31966,EAN13,TRUE,6197769891043,6194664987989
6199345384909,31973,EAN13,TRUE,6190313073977,6198889217102
6194532265409,31974,EAN13,TRUE,6190603808940,6197981058750
6198533451294,31967,EAN13,TRUE,6192758712666,6190629986725
6197728674072,31968,EAN13,TRUE,6199699104316,6191412104382
6192458398784,31975,EAN13,TRUE,6194076997419,6195519325659
6190719127083,31976,EAN13,TRUE,6191922827238,6195417479250
6199160242037,31977,EAN13,TRUE,6198970061492,6190930003162
6198545696359,31969,EAN13,TRUE,6197171265434,6190998740731
6191934972063,31970,EAN13,TRUE,6197529840678,6193030112455
6191333034531,43913,EAN13,TRUE,6197459721373,6199842390922
6191183606755,43922,EAN13,TRUE,6196163751575,6193732362150
6190883433210,43827,EAN13,TRUE,6197787739604,6196693029043
6190974474805,43905,EAN13,TRUE,6190944985049,6191673661280
6198292042922,43904,EAN13,TRUE,6198109834166,6190051632629
6193684298361,43906,EAN13,TRUE,6196290300967,6192526925034
6199507624784,43919,EAN13,TRUE,6193735933056,6196363442389
6198827156584,43907,EAN13,TRUE,6198472256929,6197537370703
6193634306948,43908,EAN13,TRUE,6195499213535,6195621362410
6194083559350,43915,EAN13,TRUE,6194185158426,6191675124604
6194954822152,43912,EAN13,TRUE,6194744591833,6192112666048
6197090261919,43911,EAN13,TRUE,6198056632680,6197204623235
6193272815802,43917,EAN13,TRUE,6195610097945,6195499979613
6198765851736,42227,EAN13,TRUE,6193773224057,6194805294558
6193859785355,42597,EAN13,TRUE,6195873111800,6195525979877
6190942874730,45377,EAN13,TRUE,6196252572137,6195111425405
6194040592400,42606,EAN13,TRUE,6196180699652,6191857056808
6192264212117,42602,EAN13,TRUE,6197019084047,6190981325808
6193991619882,42614,EAN13,TRUE,6198678759714,6197469029025
6196953677605,42603,EAN13,TRUE,6193279837955,6194931278565
6198936522874,42604,EAN13,TRUE,6193737008150,6192758049737
6194168002564,45395,EAN13,TRUE,6193414766281,6199395812115
6196295363961,42601,EAN13,TRUE,6199513825630,6192887768796
6193421948801,38182,EAN13,TRUE,6198591519756,6195070712286
6198375506882,38183,EAN13,TRUE,6195943959468,6197290348197
6198207701472,42596,EAN13,TRUE,6193805966771,6192029743199
6198752706302,38181,EAN13,TRUE,6198071732035,6195445612894
6190850176335,31981,EAN13,TRUE,6198308662609,6196547251709
6192264736486,31982,EAN13,TRUE,6191302419446,6190865213384
6199974559569,45643,EAN13,TRUE,6193215313532,6192274740150
6190918256665,45475,EAN13,TRUE,6190719255827,6190126541544
6198124529993,45561,EAN13,TRUE,6199893506969,6195156272600
6190070272084,43678,EAN13,TRUE,6197382170093,6193047345714
6194886480862,42238,EAN13,TRUE,6195142322281,6192346005051
6198337186428,42453,EAN13,TRUE,6196222109129,6199869183772
6199656526265,41728,EAN13,TRUE,6195550057122,6198065698590
6197003625232,31983,EAN13,TRUE,6199237250017,6192533294330
6192279167866,31984,EAN13,TRUE,6193978406216,6195932619050
6198178977041,31985,EAN13,TRUE,6191102564654,6194357907948
6194263200469,31986,EAN13,TRUE,6191194390841,6192786099416
6197270601229,31987,EAN13,TRUE,6195413970265,6197625985554
6198155860478,31988,EAN13,TRUE,6195029171715,6197701445996
6190611062385,31989,EAN13,TRUE,6195614218944,6192109253525
6190137285802,31990,EAN13,TRUE,6195962974547,6191978722921
6195243561963,31991,EAN13,TRUE,6194212400085,6193657977532
6193459072004,31992,EAN13,TRUE,6197724763439,6198903854100
6191031046939,44503,EAN13,TRUE,6199510628106,6196121413268
6193795124731,44046,EAN13,TRUE,6193950532456,6192474954003
6190760040218,42612,EAN13,TRUE,6197690940090,6195698347538
6194438855261,37161,EAN13,TRUE,6196540934201,6194007908631
6190330540722,39141,EAN13,TRUE,6193776372407,6190329823212
6199758948732,37148,EAN13,TRUE,6193665443465,6199742891929
6192497618137,44502,EAN13,TRUE,6193715697378,6197678808844
6195432532534,31993,EAN13,TRUE,6198339326844,6190932000886
6196618598102,31994,EAN13,TRUE,6197257902527,6194038124057
6197851818820,34833,EAN13,TRUE,6197207333306,6196417271657
6196338346728,37957,EAN13,TRUE,6191563671616,6195340808675
6197986710572,31995,EAN13,TRUE,6199234093165,6197361031285
6194331207219,31996,EAN13,TRUE,6198606294326,6198294551497
6191895376865,35865,EAN13,TRUE,6193314354238,6199737660583
6194516225085,35866,EAN13,TRUE,6193828686290,6193854502711
6195064548273,31997,EAN13,TRUE,6193311760775,6199846979259
6195231593729,42564,EAN13,TRUE,6194923457732,6192307470113
6199609165291,31998,EAN13,TRUE,6196340149234,6197259923825
6194823652817,31999,EAN13,TRUE,6195995140971,6199718203837
6192726963560,42563,EAN13,TRUE,6198452100109,6191365794476
6193337521228,45731,EAN13,TRUE,6196228585659,6195532265709
6193172288126,32000,EAN13,TRUE,6196829826032,6197104265867
6190540171190,36615,EAN13,TRUE,6197882422900,6199718130902
6191720515274,36616,EAN13,TRUE,6199042093713,6197315798152
6198092586237,45647,EAN13,TRUE,6199216265333,6192015857653
6199425485076,36543,EAN13,TRUE,6195798706437,6191809121305
6197048305144,41378,EAN13,TRUE,6193215892154,6199490685188
6191802840720,41379,EAN13,TRUE,6191889713755,6192662633590
6193456190664,41373,EAN13,TRUE,6196503345536,6198728305117
6190772501183,45563,EAN13,TRUE,6199880781612,6194054994836
6199924490553,45730,EAN13,TRUE,6195014220877,6190776569051
6195370703739,45646,EAN13,TRUE,6198130009728,6190799746677
6197043918730,32001,EAN13,TRUE,6199862395004,6196390271398
6192712845151,41377,EAN13,TRUE,6190468298643,6199066893562
6199525322808,42661,EAN13,TRUE,6195708340221,6196160370111
6195926496722,41374,EAN13,TRUE,6192433853862,6198635088716
6191252067807,32002,EAN13,TRUE,6190100079913,6199746279268
6199086028023,35863,EAN13,TRUE,6190929875165,6198049775507
6194066819918,41375,EAN13,TRUE,6193799563743,6190517739783
6192715331464,41376,EAN13,TRUE,6199306774714,6198124437850
6197054553292,34975,EAN13,TRUE,6197304390787,6196919232897
6193243644356,45482,EAN13,TRUE,6194505783246,6190197812707
6190380285592,41809,EAN13,TRUE,6197845789712,6192678158683
6194414618488,32003,EAN13,TRUE,6192701947471,6192256080072
6199629319021,32004,EAN13,TRUE,6193911467579,6194844885012
6198807567782,38133,EAN13,TRUE,6198230331350,6196110424781
6191015573114,32005,EAN13,TRUE,6195057802216,6196354742278
6197106078982,38143,EAN13,TRUE,6196170046408,6193981987553
6193772880494,34183,EAN13,TRUE,6191070820288,6196192422187
6197072491640,34201,EAN13,TRUE,6196794419569,6198755637119
6198082116543,34202,EAN13,TRUE,6198064848824,6195115316187
6191609362856,34203,EAN13,TRUE,6197408289495,6198108511310
6195383818837,39454,EAN13,TRUE,6194991788437,6196618721393
6199392049903,34208,EAN13,TRUE,6197777725295,6191591000194
6192659507064,34209,EAN13,TRUE,6196374732039,6192592840899
6192576551764,34210,EAN13,TRUE,6195149262207,6191387999736
6191480727562,34211,EAN13,TRUE,6194690663732,6193184908807
6196763077998,34212,EAN13,TRUE,6192299500175,6192212896211
6196951549830,34213,EAN13,TRUE,6193666407239,6197257634158
6198893343626,34916,EAN13,TRUE,6197578557208,6190745794608
6198576175984,43681,EAN13,TRUE,6198267694255,6191770674828
6191034268657,43679,EAN13,TRUE,6199030043265,6193969817678
6193383920198,34214,EAN13,TRUE,6193410186964,6197714632714
6199433040045,34215,EAN13,TRUE,6191622301863,6195078721439
6192850833872,34216,EAN13,TRUE,6192830060195,6196081242074
6197944932828,36113,EAN13,TRUE,6192176117650,6198393767034
6190941718312,43680,EAN13,TRUE,6197620542327,6199234841270
6197781308350,34204,EAN13,TRUE,6196856305906,6191516842663
6196975703805,34205,EAN13,TRUE,6195022466331,6197782873125
6191551533517,34206,EAN13,TRUE,6197764503204,6197551146245
6198193027428,34207,EAN13,TRUE,6191387121025,6190166776270
6197071515864,42219,EAN13,TRUE,6195972243668,6191170111257
6194372456979,35867,EAN13,TRUE,6190137223556,6196436659245
6191001025522,35889,EAN13,TRUE,6197995573654,6191022745603
6194922669075,35890,EAN13,TRUE,6195335104131,6199561258291
6191472962902,44309,EAN13,TRUE,6196922230853,6195729752087
6197614723523,35891,EAN13,TRUE,6197480859555,6198342827769
6190769383125,35892,EAN13,TRUE,6195623140663,6195813337778
6197763700660,35894,EAN13,TRUE,6197535567518,6195505335358
6190166016673,35893,EAN13,TRUE,6194537944741,6193751409568
6193740038221,37162,EAN13,TRUE,6193499082645,6198169725297
6199454334453,35895,EAN13,TRUE,6197788713250,6193598155552
6197761810510,35896,EAN13,TRUE,6198724441907,6194936985448
6192134813709,35897,EAN13,TRUE,6199234212645,6190554693334
6196231179290,35898,EAN13,TRUE,6191051860920,6192396035394
6192517599350,35899,EAN13,TRUE,6195633084357,6191481497394
6194393494929,35900,EAN13,TRUE,6197982550176,6192922412488
6199083974970,35901,EAN13,TRUE,6192818546356,6199621438542
6192299287478,35902,EAN13,TRUE,6195394343630,6199323447932
6197843918046,35903,EAN13,TRUE,6199496150295,6191345892026
6190382078312,37845,EAN13,TRUE,6191841003027,6194576112697
6198724404100,45743,EAN13,TRUE,6191559254290,6192642665980
6190557116906,41208,EAN13,TRUE,6190493436704,6195115370918
6190706951569,35904,EAN13,TRUE,6192726294974,6190537971952
6195641553418,43924,EAN13,TRUE,6196446540520,6192433364100
6199691537040,45381,EAN13,TRUE,6194397250086,6197075984567
6192869737792,44330,EAN13,TRUE,6192733824162,6199165707265
6195426295137,35905,EAN13,TRUE,6194785360050,6191473451652
6190574758602,35906,EAN13,TRUE,6198239086842,6199499870150
6199441396949,35907,EAN13,TRUE,6195353015813,6191446492583
6198473273765,35908,EAN13,TRUE,6191784560300,6191798768954
6191361046469,41672,EAN13,TRUE,6191960455291,6192764025525
6195955499330,35909,EAN13,TRUE,6194964386376,6191883039688
6197946675617,38630,EAN13,TRUE,6197179747244,6195860002733
6194281766145,42204,EAN13,TRUE,6196149363125,6196322543065
6197920966810,42207,EAN13,TRUE,6196407105081,6195969590663
6192653630306,42213,EAN13,TRUE,6190376241555,6194631976833
6190756561431,32006,EAN13,TRUE,6191400103043,6191606063200
6195252973966,32007,EAN13,TRUE,6196735050527,6195791431598
6197599229221,32008,EAN13,TRUE,6198351104563,6193559670025
6194293656559,32009,EAN13,TRUE,6199184643746,6191641657684
6194954512866,32010,EAN13,TRUE,6198578253170,6192342360400
6194327171078,32011,EAN13,TRUE,6199589652905,6190796811314
6194904950210,32012,EAN13,TRUE,6194145060888,6191636284448
6197012493848,32013,EAN13,TRUE,6197313279653,6190394377395
6190054905401,32014,EAN13,TRUE,6190217454447,6196813148632
6195661797597,32015,EAN13,TRUE,6197006250899,6191228627118
6192225747012,32016,EAN13,TRUE,6190067299850,6193706875530
6190942875313,32017,EAN13,TRUE,6196866568443,6196877457833
6190960854059,32018,EAN13,TRUE,6197781783180,6192205997664
6195409955852,32019,EAN13,TRUE,6193661283935,6197399150486
6198514589444,32020,EAN13,TRUE,6195603331328,6197377989682
6199506281537,32021,EAN13,TRUE,6199762384311,6191339863306
6199076796657,32022,EAN13,TRUE,6190079484415,6195424540042
6193499082034,32023,EAN13,TRUE,6194897647010,6198909013848
6190560664218,32024,EAN13,TRUE,6198517530449,6197334648104
6190053608723,32025,EAN13,TRUE,6193475328833,6192221665561
6198247157525,32026,EAN13,TRUE,6195215585818,6197112732452
6192534412164,32027,EAN13,TRUE,6197297125568,6192025820320
6197598108392,32028,EAN13,TRUE,6190299333779,6191597999474
6196999235425,32029,EAN13,TRUE,6193784191001,6190869909568
6192810973305,32030,EAN13,TRUE,6199973224505,6192960883156
6194093603094,32031,EAN13,TRUE,6193116879269,6191874330105
6197628614842,32032,EAN13,TRUE,6193451706664,6190226171971
6196965092214,32033,EAN13,TRUE,6197645343835,6197721670129
6198789921475,32034,EAN13,TRUE,6193127650493,6196642275969
6196720106576,32035,EAN13,TRUE,6199003298878,6193713449917
6197537693385,32036,EAN13,TRUE,6196328035197,6190502963386
6198134487261,32037,EAN13,TRUE,6196872230268,6195287075372
6192974845649,32038,EAN13,TRUE,6194306219355,6190678673874
6199816221447,32039,EAN13,TRUE,6194249286092,6194559104178
6196245849110,32040,EAN13,TRUE,6193237434466,6192747037505
6197723061185,32041,EAN13,TRUE,6191187195293,6191994865703
6192346805965,32042,EAN13,TRUE,6196002827700,6199643483757
6198251607993,32043,EAN13,TRUE,6199255521733,6199166071343
6197021621577,32044,EAN13,TRUE,6191253075511,6195001323679
6197956801600,32045,EAN13,TRUE,6195059739376,6195228955497
6190620905301,32046,EAN13,TRUE,6196305108421,6190235055152
6190250165425,32047,EAN13,TRUE,6191510658798,6197976426753
6198838761230,32048,EAN13,TRUE,6198420608053,6193048562868
6194570669272,32049,EAN13,TRUE,6198356315827,6194812914119
6190637315074,32050,EAN13,TRUE,6198189364702,6196123979218
6193056398860,32051,EAN13,TRUE,6197248064117,6196354386470
6197451708589,32052,EAN13,TRUE,6198477633211,6197095075618
6196292487154,32053,EAN13,TRUE,6190900336142,6190844999674
6194689742149,32054,EAN13,TRUE,6195697637416,6197824636965
6190151154757,32055,EAN13,TRUE,6190456231335,6195312322729
6191051375459,32056,EAN13,TRUE,6194070786635,6191133381657
6192858049585,32057,EAN13,TRUE,6192472012163,6196274212495
6198438647543,32058,EAN13,TRUE,6193121052866,6199244303627
6191511405041,32059,EAN13,TRUE,6190983814537,6191770964235
6194584159161,32060,EAN13,TRUE,6192354622093,6191629991939
6195133799472,32061,EAN13,TRUE,6199454220187,6199592212257
6191225865568,32062,EAN13,TRUE,6199477752199,6193183259324
6193616702403,32063,EAN13,TRUE,6192317656891,6191985061581
6191810847339,32064,EAN13,TRUE,6196318228813,6195255621523
6192015209245,32065,EAN13,TRUE,6199910092929,6199105355031
6198261521832,32066,EAN13,TRUE,6190808649188,6191505629668
6197556887815,32067,EAN13,TRUE,6197964077925,6192635177104
6197358602649,32068,EAN13,TRUE,6193885114015,6198717095852
6191029237936,32069,EAN13,TRUE,6194539447589,6193076957236
6194288370008,32070,EAN13,TRUE,6193837542633,6194970730277
6198029971404,32071,EAN13,TRUE,6195503008016,6192833013550
6196718636162,32072,EAN13,TRUE,6196832637067,6194371784112
6198001664078,32073,EAN13,TRUE,6199548453329,6197932707256
6197238056298,32074,EAN13,TRUE,6192410547227,6195590120691
6191979911513,32075,EAN13,TRUE,6190986977448,6193840160280
6194890188989,32076,EAN13,TRUE,6198155327371,6196805681761
6191451739132,32077,EAN13,TRUE,6197167001981,6197521468450
6194604057114,32078,EAN13,TRUE,6194239254012,6199900356235
6190574777175,32079,EAN13,TRUE,6193415451270,6190786408412
6191871915093,32080,EAN13,TRUE,6194415501255,6198925320836
6194695175959,32081,EAN13,TRUE,6198412633267,6192298651056
6199405787046,32082,EAN13,TRUE,6198787103677,6198176411532
6192569121671,32083,EAN13,TRUE,6192490120022,6197680194328
6193580282949,40359,EAN13,TRUE,6193858321035,6196054159316
6195664704844,40357,EAN13,TRUE,6193218177913,6196766394319
6192175969995,40356,EAN13,TRUE,6194111905887,6199692248499
6198740496226,40358,EAN13,TRUE,6193856078689,6190770082967
6193999817055,32084,EAN13,TRUE,6194658029673,6194481253131
6191430030212,32085,EAN13,TRUE,6191868660449,6196466869511
6197433715415,32086,EAN13,TRUE,6199483220123,6195763223710
6193058996338,32087,EAN13,TRUE,6199207850379,6196855004903
6199118655481,44156,EAN13,TRUE,6193500722940,6195789152184
6198175228953,32088,EAN13,TRUE,6191298693099,6190718261885
6195019738928,32089,EAN13,TRUE,6194711345157,6190851905211
6196454227013,40361,EAN13,TRUE,6193652935142,6192053556482
6193452427339,40360,EAN13,TRUE,6194536928764,6198199810750
6194644356853,42067,EAN13,TRUE,6190307251796,6194642033718
6191440488180,38781,EAN13,TRUE,6195593824983,6198452820577
6192687989410,38907,EAN13,TRUE,6193604366527,6196848707640
6194337349447,38744,EAN13,TRUE,6191979776804,6197778159125
6197871740226,36658,EAN13,TRUE,6192015229610,6193095499168
6194282668530,44657,EAN13,TRUE,6192643683266,6191876521792
6190112244680,36155,EAN13,TRUE,6192809963320,6195598869617
6198169370219,36498,EAN13,TRUE,6190010669596,6196451461342
6197012615787,32090,EAN13,TRUE,6191021804325,6198862944935
6192249155758,42228,EAN13,TRUE,6197185089114,6191894369743
6191163057003,42229,EAN13,TRUE,6193138387867,6195894227267
6194847029079,44448,EAN13,TRUE,6199339012436,6191882024379
6190343784414,45527,EAN13,TRUE,6195477878589,6193757209988
6196627851377,44505,EAN13,TRUE,6190350418157,6193465756666
6199447335029,45219,EAN13,TRUE,6195731788720,6196088000121
